profile_id,dataset,latitude,longitude,embedding_sim_to_cluster_0,embedding_sim_to_cluster_1,embedding_sim_to_cluster_2,embedding_sim_to_cluster_3,embedding_sim_to_cluster_4,embedding_max_sim,embedding_best_cluster
1,Janousek,38.2031,-122.027,0.21342530683658562,0.3638698199884725,0.0684958880496711,0.13976853879680726,0.3102770314430575,0.3638698199884725,1
10,Janousek,38.2,-122.0276,0.2100106154591748,0.3695841993560447,0.058741731880167215,0.12218457176887293,0.27233236041641085,0.3695841993560447,1
100,Janousek,44.6254,-124.0213,0.8459046555479232,0.4310137776585448,0.2507283286516802,0.9721870239129676,0.20285429010310205,0.9721870239129676,3
1002,Janousek,40.8023,-124.1798,0.7397252808344923,0.5871626031714088,0.21433671985459374,0.6847237241441114,0.2823347960240568,0.7397252808344923,0
1003,Janousek,40.8023,-124.1815,0.77281385564246,0.3465875633501358,0.11466863426868636,0.8868164842403511,0.12108923934943851,0.8868164842403511,3
1004,Janousek,40.8019,-124.1807,0.7241699935065838,0.5153281879636988,0.20826961204460173,0.6986480915524731,0.2765796380929519,0.7241699935065838,0
1005,Janousek,40.8022,-124.1808,0.7542656643642124,0.37201648790228636,0.12191029258752506,0.8576168914058513,0.14562940745790443,0.8576168914058513,3
1006,Janousek,40.8023,-124.1815,0.77281385564246,0.3465875633501358,0.11466863426868636,0.8868164842403511,0.12108923934943851,0.8868164842403511,3
1007,Janousek,40.8019,-124.1806,0.7241699935065838,0.5153281879636988,0.20826961204460173,0.6986480915524731,0.2765796380929519,0.7241699935065838,0
1008,Janousek,40.8023,-124.1815,0.77281385564246,0.3465875633501358,0.11466863426868636,0.8868164842403511,0.12108923934943851,0.8868164842403511,3
1009,Janousek,43.3258,-124.3257,0.8927147403679271,0.5190310257518405,0.2709210160734693,0.9503303421175237,0.2568082026992899,0.9503303421175237,3
101,Janousek,44.6255,-124.0215,0.8463967358027588,0.4340302005809164,0.24989752767136278,0.9714904503903676,0.19924609420431802,0.9714904503903676,3
1010,Janousek,43.452,-124.2018,0.8737041993146989,0.4809009829728188,0.24586377493491843,0.9653502641961411,0.22232668834182534,0.9653502641961411,3
1011,Janousek,38.19184,-122.31713,0.3169412229339966,0.4913446592933815,0.12911065239375327,0.2446423079957421,0.2914813595592859,0.4913446592933815,1
1012,Janousek,38.19084,-122.31988,0.28601040247021914,0.47667211421017336,0.11320077465828497,0.2028360885705975,0.25418741616277335,0.47667211421017336,1
1013,Janousek,38.19654,-122.32138,0.36622897884793165,0.5356567675520744,0.17247660041432195,0.24895843842121515,0.3067193708894951,0.5356567675520744,1
1014,Janousek,38.1962,-122.3218,0.33787825491807866,0.5434169946539239,0.17436274921347197,0.226922132596739,0.2985588036851224,0.5434169946539239,1
1015,Janousek,38.1961,-122.32215,0.3233914888098056,0.5369910631588872,0.1521829656120462,0.2102338961218122,0.29493426488081803,0.5369910631588872,1
1016,Janousek,38.19595,-122.3229,0.2961783402666309,0.514751766866166,0.13301585298644053,0.17289112077658966,0.29126276105774396,0.514751766866166,1
1017,Janousek,38.19966,-122.02824,0.19961925206234768,0.36412458648035784,0.06171525848374322,0.10755967116517905,0.2713374616772922,0.36412458648035784,1
1018,Janousek,38.19993,-122.02876,0.19609876534995496,0.3758643699006586,0.06356903973222858,0.11252053194159936,0.2620178134925185,0.3758643699006586,1
1019,Janousek,38.19686,-122.02886,0.310889404106687,0.4211375830692609,0.04903388618333033,0.24711898381467148,0.22202731825905034,0.4211375830692609,1
102,Janousek,44.6256,-124.0218,0.8478782962771576,0.4335083610859115,0.24762714030916774,0.9721724751953923,0.19735792481941855,0.9721724751953923,3
1020,Janousek,38.19712,-122.02848,0.2102593954923122,0.34735590044796005,0.03636583514208496,0.13854759894132335,0.23666419455247786,0.34735590044796005,1
1021,Janousek,38.19737,-122.02811,0.1904416826367502,0.34283095546013553,0.045013213659923834,0.11340532469566583,0.2627819917348309,0.34283095546013553,1
1022,Janousek,38.19745,-122.02761,0.19631113164927694,0.3534039456865064,0.04149742451421538,0.10916501981564629,0.2603755230720748,0.3534039456865064,1
1023,Janousek,37.9464,-122.41946,0.6457126617765122,0.4712407049313073,0.08796519812004724,0.6293725160850638,0.16043996777257893,0.6457126617765122,0
1024,Janousek,37.94484,-122.41429,0.7388660165403984,0.3907979032158553,0.08410442033299388,0.8156855606497072,0.10249599897742323,0.8156855606497072,3
1025,Janousek,37.94499,-122.4144,0.7397647880068641,0.4397709202531097,0.0942052335644543,0.7918027078370409,0.11699103434562087,0.7918027078370409,3
1026,Janousek,38.00715,-122.48381,0.37388968985328636,0.5553447418500052,0.22556456065863453,0.22726033186084604,0.35721183666916323,0.5553447418500052,1
1027,Janousek,59.77316,-151.86098,0.3721651108478251,0.5498651504653277,0.380807184235481,0.17762847424992334,0.5024071595883737,0.5498651504653277,1
1028,Janousek,59.77322,-151.86127,0.37027090901403586,0.5564829187523463,0.38339225765527846,0.17521806614317328,0.49984538885243834,0.5564829187523463,1
1029,Janousek,59.7733,-151.86189,0.38213591785031614,0.5735333312703216,0.394191260213099,0.19842776251327637,0.5131475473157533,0.5735333312703216,1
103,Janousek,48.5478,-122.5098,0.8587177152318255,0.4913626914694449,0.28909808151913474,0.9630130550971946,0.2757727998613026,0.9630130550971946,3
1030,Janousek,59.77335,-151.86243,0.39395793467194823,0.5836420027939073,0.3969949572603782,0.2094477895907658,0.5089276780346462,0.5836420027939073,1
1031,Janousek,59.77356,-151.86311,0.38697152328921464,0.5643423548624664,0.3786552866862453,0.2038486064409373,0.4954546810221507,0.5643423548624664,1
1032,Janousek,59.77411,-151.86417,0.3943328086296197,0.5686845882526022,0.3931413213098098,0.21154150826627255,0.4923308328310887,0.5686845882526022,1
1033,Janousek,59.77425,-151.86536,0.43688060251171196,0.5992058212381207,0.4127920748957073,0.26362630712992147,0.48162840403670326,0.5992058212381207,1
1034,Janousek,59.64005,-151.53116,0.5766941796812629,0.6465723406439049,0.43669293446723645,0.4003022187786717,0.3723527741446162,0.6465723406439049,1
1035,Janousek,59.64043,-151.53098,0.48867014351757093,0.636048279246507,0.4474968812150222,0.32118744866790366,0.4479604134859158,0.636048279246507,1
1036,Janousek,59.64074,-151.53076,0.4352156988475914,0.6081290416097452,0.4252175359951508,0.2473376236214848,0.49241022297118364,0.6081290416097452,1
1037,Janousek,59.63765,-151.5278,0.5573465560422846,0.6374861994902683,0.43518985262678717,0.372125322166093,0.38882135658902717,0.6374861994902683,1
1038,Janousek,59.63757,-151.52858,0.5591781661511027,0.6242054009232822,0.43913456778671767,0.3657938754235523,0.38606666502509435,0.6242054009232822,1
1039,Janousek,59.63845,-151.52937,0.5278783113046943,0.6260114931359368,0.43765328793412916,0.3410225296697436,0.3965574563447793,0.6260114931359368,1
104,Janousek,48.5479,-122.51,0.8582307176842113,0.4972237463427292,0.2987861450560475,0.9604499196408652,0.2846389815885558,0.9604499196408652,3
1040,Janousek,59.64056,-151.5361,0.43136728830565546,0.5956379469810122,0.38483145733171176,0.2623335523316011,0.4807160822802723,0.5956379469810122,1
1041,Janousek,59.64109,-151.5356,0.2943086217289194,0.483238470107328,0.41067940365249106,0.1620889166175149,0.5008828612173968,0.5008828612173968,4
1042,Janousek,59.55557,-151.30379,0.5875298905306716,0.7098992075365665,0.5138788591725135,0.39508688746795284,0.46690977359472186,0.7098992075365665,1
1044,Janousek,59.55116,-151.30472,0.5059976255340939,0.6576020006647401,0.4635908560263005,0.318880255653025,0.4651159686259312,0.6576020006647401,1
1049,Janousek,59.5563,-151.31259,0.5275874645820776,0.699633270633155,0.49724932953687523,0.32807647683606583,0.4832258345688815,0.699633270633155,1
105,Janousek,48.5479,-122.5102,0.8570261365025758,0.4958790731836958,0.3051482728474059,0.9626069450146661,0.28400551509821603,0.9626069450146661,3
1050,Janousek,59.55622,-151.31404,0.5417907525884359,0.7161683971361567,0.4878049563890232,0.32620241727141513,0.5099588863578116,0.7161683971361567,1
1051,Janousek,37.5514,-122.2383,0.2912809597274314,0.4246531347330715,0.11780471587318408,0.19881313798538788,0.22301241066395616,0.4246531347330715,1
106,Janousek,48.5479,-122.5105,0.8545641283161567,0.48592336297385547,0.2989547807626855,0.9648127495779036,0.27423769510462287,0.9648127495779036,3
1060,Janousek,38.167,-122.5513,0.2889781539098808,0.4802388174401353,0.1438929441309165,0.17082905790395006,0.27011432231389054,0.4802388174401353,1
1063,Janousek,49.05003,-123.03683,0.5968208299542128,0.901791995275465,0.39927415682943784,0.3257538499731795,0.746474169566637,0.901791995275465,1
1064,Janousek,49.05031,-123.03469,0.49155099276238057,0.8209523346388892,0.41750738914545144,0.2802827734765258,0.7252363926992392,0.8209523346388892,1
1065,Janousek,49.048,-123.04686,0.47418199507214326,0.8373822820367413,0.41009590977955757,0.23737346166265266,0.7700626899626075,0.8373822820367413,1
1066,Janousek,49.04725,-123.04589,0.46988517115208056,0.8111698448569489,0.4559461246677567,0.24208408060729428,0.8159333040435583,0.8159333040435583,4
1067,Janousek,49.04697,-123.04689,0.49478315662368555,0.840470304261675,0.46522089335465544,0.2584984800563879,0.7889016347933687,0.840470304261675,1
1068,Janousek,49.04811,-123.04428,0.5475398776050078,0.877942659119659,0.42324861734621316,0.2932008909127649,0.7515437135087881,0.877942659119659,1
1069,Janousek,49.04878,-123.04572,0.47450137182305996,0.8355508209440062,0.4444138252808581,0.24026466953229475,0.8070390383604168,0.8355508209440062,1
107,Janousek,48.5479,-122.5108,0.8570510537489316,0.48991440526603636,0.29318389783473225,0.9645854212386191,0.271780795511231,0.9645854212386191,3
1070,Janousek,49.04656,-123.04444,0.6815287552374281,0.8923782176482612,0.42401120462928565,0.42925210527216195,0.6887981325189709,0.8923782176482612,1
1071,Janousek,49.04753,-123.04361,0.508146962346053,0.8566997739840457,0.4489329196291442,0.27238032350139735,0.7604869553024028,0.8566997739840457,1
1072,Janousek,49.04658,-123.04183,0.527825593112927,0.8479657918342329,0.3968963284390628,0.26132422296405067,0.7374910990471284,0.8479657918342329,1
1073,Janousek,49.03,-123.0435,0.8681162688015859,0.512457216303443,0.3071939573849403,0.9518098793756435,0.3085544214751479,0.9518098793756435,3
1074,Janousek,49.04339,-123.04869,0.5466123155529058,0.8348767628536301,0.4690398682797731,0.30554627639153675,0.8102617524044127,0.8348767628536301,1
108,Janousek,48.5479,-122.511,0.8586872483974619,0.4902048661078354,0.2952179375709472,0.9649549820307093,0.26855460845027007,0.9649549820307093,3
109,Janousek,48.3318,-122.4177,0.5770336595707899,0.8490909390923336,0.43402210290424537,0.38538734649427525,0.6473279951888115,0.8490909390923336,1
1097,Janousek,43.73521,-124.11925,0.5522571305393946,0.7783789765580268,0.32367193251790277,0.34885283780794735,0.7111849802080339,0.7783789765580268,1
11,Janousek,38.2007,-122.0285,0.20048486858514142,0.3657602822714955,0.055455953060182916,0.11766679946729713,0.23756539758719364,0.3657602822714955,1
110,Janousek,48.3319,-122.4176,0.5264412710073204,0.8346945294015506,0.4541373661392041,0.3316396317824231,0.6724140052826965,0.8346945294015506,1
1100,Janousek,40.68531,-124.27169,0.6582473586127863,0.7483820628277412,0.26840645507468397,0.5005438750520922,0.4580877006371045,0.7483820628277412,1
1101,Janousek,40.62911,-124.31381,0.5192940703287138,0.7521380906845646,0.26803255211284316,0.33078758105687933,0.4959805618288038,0.7521380906845646,1
1102,Janousek,40.63481,-124.26786,0.48233349019713345,0.6739114074407716,0.2974389753697768,0.31515323473645546,0.659448948265105,0.6739114074407716,1
1103,Janousek,30.45514,-116.02961,0.2885883260739796,0.4250590123432149,0.12589097843299527,0.18418346766784577,0.20829243002147405,0.4250590123432149,1
1105,Janousek,30.45512,-116.03055,0.24494985224819654,0.4123119666057424,0.13850039917463078,0.149195096163013,0.20943452174156388,0.4123119666057424,1
111,Janousek,48.3321,-122.4174,0.5139817008782923,0.8438303197494673,0.4817275150741708,0.3155682620096909,0.6948369577149875,0.8438303197494673,1
112,Janousek,48.3323,-122.4173,0.5116258677202676,0.8477729593295146,0.4937621475554553,0.310981209783872,0.71176942708008,0.8477729593295146,1
1121,Janousek,34.09917,-119.0807,0.2926732868394484,0.4400580597768125,0.11666078631864074,0.18234355689753468,0.28960834891260323,0.4400580597768125,1
1122,Janousek,34.0987,-119.081,0.3409488802980026,0.46471203664174643,0.1094631252813545,0.23456461763596878,0.2744896615908653,0.46471203664174643,1
1123,Janousek,34.09842,-119.08142,0.33685849693413533,0.4323743819823768,0.10369372898968153,0.2427197911120882,0.2566620923918982,0.4323743819823768,1
113,Janousek,48.3324,-122.4172,0.5125573591415248,0.8419001174648058,0.4594719408768638,0.31032818931843825,0.7104354619052287,0.8419001174648058,1
114,Janousek,48.3326,-122.417,0.5126104375101727,0.8417604442377796,0.4603114756177546,0.2930372819075468,0.7897739619882607,0.8417604442377796,1
115,Janousek,43.3196,-124.3313,0.4746823973508283,0.5406788667910324,0.5357972349456012,0.3596698270901,0.5283912060164146,0.5406788667910324,1
1153,Janousek,38.31345,-123.05528,0.7692728876157745,0.35302178848119015,0.11628203962360965,0.8445107787605399,0.1136989753803891,0.8445107787605399,3
1154,Janousek,38.31145,-123.05628,0.7527480487455511,0.3208223424561827,0.11114283550285177,0.8663442106762974,0.09492349217188367,0.8663442106762974,3
1155,Janousek,38.32145,-123.05328,0.7512814426567471,0.32370681101915216,0.12801812746365565,0.8834645581362505,0.10138244546780924,0.8834645581362505,3
1156,Janousek,38.3119,-123.05432,0.752066058049524,0.31498076907057687,0.11195790320389754,0.8836355920404907,0.09887419971891191,0.8836355920404907,3
116,Janousek,43.3195,-124.3315,0.4960377753721863,0.5903862489881301,0.5155535051028249,0.3588650151371112,0.5587461890471086,0.5903862489881301,1
1162,Janousek,38.31245,-123.05432,0.7638013338879982,0.3330682870232033,0.11169067881655229,0.8716705240625012,0.10234781455915617,0.8716705240625012,3
1164,Janousek,37.9186,-122.688,0.4248926773879112,0.606566955152762,0.1908468915532291,0.2587305049118239,0.3617542450855063,0.606566955152762,1
1165,Janousek,37.9185,-122.6876,0.4464354362373402,0.580692522925291,0.16986076738178618,0.28887093324587976,0.3250111303391492,0.580692522925291,1
1166,Janousek,38.20002,-122.03369,0.23578767417908877,0.41774938202509354,0.10886936814046452,0.14974307723393337,0.26229884216892535,0.41774938202509354,1
1167,Janousek,38.20014,-122.02914,0.20737679241358015,0.3726428113841129,0.06297425025715808,0.12063035134730488,0.2355621604437843,0.3726428113841129,1
117,Janousek,43.3194,-124.3317,0.4831028422780551,0.5859313169556243,0.4946572954527066,0.3276086940499329,0.5885203304452218,0.5885203304452218,4
1170,Janousek,38.11502,-122.47405,0.45429413359530496,0.5052986516787188,0.11664992867215192,0.35337015639929187,0.23899388333634253,0.5052986516787188,1
1171,Janousek,38.11616,-122.47442,0.27699343740084154,0.47155590760304805,0.11108372312614473,0.16371854160768592,0.2272168833216668,0.47155590760304805,1
1174,Janousek,38.18989,-122.55004,0.39857804310274364,0.5494176816832683,0.1274255108115347,0.3078039624676405,0.28709531742270367,0.5494176816832683,1
1175,Janousek,38.19091,-122.55017,0.2571380896567856,0.46037566814066067,0.1527495583512136,0.1646726387961408,0.2957201820320805,0.46037566814066067,1
118,Janousek,43.3194,-124.332,0.4942383633149518,0.6090142589696701,0.4839801482288174,0.3166978135854802,0.6456892864429397,0.6456892864429397,4
119,Janousek,43.3193,-124.3322,0.4492282180917118,0.5906122146188855,0.5691605637487224,0.29931976658097365,0.6788624541762058,0.6788624541762058,4
1197,Janousek,48.30151,-122.35994,0.48748832160510136,0.8505146594596129,0.46121532826313655,0.2462137346984006,0.8588383150004185,0.8588383150004185,4
1198,Janousek,48.30149,-122.35986,0.5157177233255013,0.8593775152695489,0.4692411664746875,0.2704950388447094,0.8586491384858566,0.8593775152695489,1
12,Janousek,38.2004,-122.0293,0.19094387762148135,0.35880643851935695,0.05396934573256619,0.10943908340364436,0.23839989724192878,0.35880643851935695,1
120,Janousek,43.3192,-124.3324,0.43777105985530845,0.5710639551695538,0.508613825385637,0.2876882586131493,0.6730414145236336,0.6730414145236336,4
1201,Janousek,48.317,-122.347,0.3317970244212009,0.6170817091784299,0.6324193957457156,0.20261971683454216,0.8297501158704386,0.8297501158704386,4
1203,Janousek,48.33319,-122.41499,0.5185546514725401,0.8748293718035951,0.44016111227842747,0.25943590891446877,0.7609260209599891,0.8748293718035951,1
1204,Janousek,48.3334,-122.41499,0.5445300268813149,0.8904593926807965,0.4460240480125057,0.2703740675538674,0.7575761014409589,0.8904593926807965,1
1207,Janousek,48.45395,-122.47317,0.5300058616254518,0.8503685734286526,0.442900739823765,0.2810196414158672,0.7212798662665235,0.8503685734286526,1
1208,Janousek,48.45398,-122.47303,0.5979804425198729,0.8706201427291457,0.44672384115994557,0.3678462926736696,0.6755042708041374,0.8706201427291457,1
121,Janousek,43.3682,-124.185,0.475549957384375,0.7183439484117381,0.31525110327293854,0.30900045490539485,0.6714700329973884,0.7183439484117381,1
122,Janousek,43.3684,-124.185,0.4705127875185234,0.7097874110068814,0.30615174198419076,0.3035015529511039,0.6697887170007593,0.7097874110068814,1
1229,Janousek,48.519,-122.506,0.8728942613249687,0.5323020398120621,0.33989735589999626,0.9589633279657733,0.32684940012626545,0.9589633279657733,3
123,Janousek,43.3686,-124.1849,0.4557162632005726,0.708100872666957,0.3414030272449499,0.29452527711658244,0.7092644012533854,0.7092644012533854,4
1230,Janousek,48.519,-122.506,0.8728942613249687,0.5323020398120621,0.33989735589999626,0.9589633279657733,0.32684940012626545,0.9589633279657733,3
1231,Janousek,48.519,-122.506,0.8728942613249687,0.5323020398120621,0.33989735589999626,0.9589633279657733,0.32684940012626545,0.9589633279657733,3
1232,Janousek,48.519,-122.506,0.8728942613249687,0.5323020398120621,0.33989735589999626,0.9589633279657733,0.32684940012626545,0.9589633279657733,3
1233,Janousek,48.519,-122.506,0.8728942613249687,0.5323020398120621,0.33989735589999626,0.9589633279657733,0.32684940012626545,0.9589633279657733,3
1234,Janousek,48.519,-122.506,0.8728942613249687,0.5323020398120621,0.33989735589999626,0.9589633279657733,0.32684940012626545,0.9589633279657733,3
1235,Janousek,48.519,-122.506,0.8728942613249687,0.5323020398120621,0.33989735589999626,0.9589633279657733,0.32684940012626545,0.9589633279657733,3
1236,Janousek,48.519,-122.506,0.8728942613249687,0.5323020398120621,0.33989735589999626,0.9589633279657733,0.32684940012626545,0.9589633279657733,3
1237,Janousek,48.519,-122.506,0.8728942613249687,0.5323020398120621,0.33989735589999626,0.9589633279657733,0.32684940012626545,0.9589633279657733,3
1238,Janousek,48.519,-122.506,0.8728942613249687,0.5323020398120621,0.33989735589999626,0.9589633279657733,0.32684940012626545,0.9589633279657733,3
1239,Janousek,48.519,-122.506,0.8728942613249687,0.5323020398120621,0.33989735589999626,0.9589633279657733,0.32684940012626545,0.9589633279657733,3
124,Janousek,43.3687,-124.1849,0.46267568162624867,0.7091088489013677,0.3427587466398159,0.3013748005877436,0.7110284744696935,0.7110284744696935,4
1240,Janousek,48.519,-122.506,0.8728942613249687,0.5323020398120621,0.33989735589999626,0.9589633279657733,0.32684940012626545,0.9589633279657733,3
1241,Janousek,48.458,-122.47,0.5683967204447389,0.8393715347165499,0.43130199014882264,0.32955976998161335,0.7031964683288767,0.8393715347165499,1
1243,Janousek,48.458,-122.47,0.5683967204447389,0.8393715347165499,0.43130199014882264,0.32955976998161335,0.7031964683288767,0.8393715347165499,1
1245,Janousek,48.458,-122.47,0.5683967204447389,0.8393715347165499,0.43130199014882264,0.32955976998161335,0.7031964683288767,0.8393715347165499,1
1246,Janousek,48.458,-122.47,0.5683967204447389,0.8393715347165499,0.43130199014882264,0.32955976998161335,0.7031964683288767,0.8393715347165499,1
1249,Janousek,48.332,-122.415,0.497485152484057,0.8491044226101903,0.4156548345088852,0.2631702384062975,0.765937768300517,0.8491044226101903,1
125,Janousek,43.3689,-124.1849,0.46924284561863117,0.7160390429118202,0.34065439942816095,0.30910798535275186,0.7080993478713276,0.7160390429118202,1
1250,Janousek,48.332,-122.415,0.497485152484057,0.8491044226101903,0.4156548345088852,0.2631702384062975,0.765937768300517,0.8491044226101903,1
126,Janousek,43.3691,-124.1849,0.4657392419222958,0.725413291613678,0.3439204002045326,0.3004394904470063,0.7093559124437305,0.725413291613678,1
127,Janousek,48.3217,-122.3952,0.5254722955552076,0.8428862946979649,0.4661182459126639,0.2817557075673346,0.7402661209827383,0.8428862946979649,1
128,Janousek,48.3217,-122.3949,0.5005320628424067,0.8190424583440701,0.47120818603637427,0.261283467835832,0.7398966525360096,0.8190424583440701,1
129,Janousek,48.3218,-122.3947,0.5043331934945651,0.8208436209961992,0.45478659215793754,0.2831517666488245,0.7261955497506394,0.8208436209961992,1
13,Janousek,38.1996,-122.0304,0.19357471042324667,0.3660749583369863,0.05987714412715426,0.1208256041234734,0.25485897030875887,0.3660749583369863,1
130,Janousek,48.3218,-122.3944,0.4984352983306257,0.8227023345353413,0.44211931944772415,0.2795158472715808,0.7206254013236045,0.8227023345353413,1
1305,Janousek,36.81199,-121.74547,0.4698012521866988,0.5180968238863769,0.137691560360958,0.36069037821853295,0.264957846196299,0.5180968238863769,1
1306,Janousek,36.81203,-121.74995,0.5242768509435397,0.5165226970246473,0.1212071430229644,0.43404299117735334,0.21502690601753832,0.5242768509435397,0
1307,Janousek,36.82821,-121.7452,0.5017331151797633,0.5101511138348981,0.14264265214803296,0.4003536506318247,0.24391875247295988,0.5101511138348981,1
1308,Janousek,36.81206,-121.75219,0.4383937931534086,0.5009317972702023,0.14429848329441017,0.33087179767342784,0.2475761905191591,0.5009317972702023,1
1309,Janousek,36.80841,-121.74777,0.46855392297790055,0.5033008825747564,0.11214270407656791,0.36242704773651,0.24287448626090782,0.5033008825747564,1
131,Janousek,48.3219,-122.3942,0.5003970062035203,0.8316111411908464,0.45330679836687193,0.29138226464514005,0.7157516770907995,0.8316111411908464,1
1310,Janousek,36.81021,-121.74774,0.4220824941759207,0.48229492387577044,0.13307988905318663,0.3183952944152296,0.22510320783376633,0.48229492387577044,1
1311,Janousek,36.81201,-121.74771,0.47973161620316196,0.5114991437129499,0.1521547277993994,0.39114992402352755,0.25171585272550406,0.5114991437129499,1
1312,Janousek,36.81381,-121.74768,0.37964688062540297,0.47906584707665356,0.1957580989627139,0.27210515569424254,0.2694822251596488,0.47906584707665356,1
1314,Janousek,36.81569,-121.75438,0.45815960821223845,0.5329477918096581,0.15156582295626608,0.3392990631487372,0.2502815503858366,0.5329477918096581,1
1315,Janousek,36.82673,-121.74331,0.7593999724927604,0.38063289199504746,0.09541417729804079,0.8244213790218868,0.10778807094784011,0.8244213790218868,3
1316,Janousek,36.85181,-121.76052,0.7514025683176194,0.41623508178480234,0.08311521560915645,0.7856269804235164,0.10510354206796199,0.7856269804235164,3
1317,Janousek,36.81936,-121.76105,0.28380754368398287,0.36421626078871633,0.17224331690590797,0.21009057899324998,0.20506490403988215,0.36421626078871633,1
1318,Janousek,36.81939,-121.76329,0.44092603699621885,0.5652345803915457,0.16601868157509506,0.31306242612370727,0.2961190960470426,0.5652345803915457,1
132,Janousek,48.3219,-122.3939,0.4844603530967825,0.8358339264975994,0.4442059505151486,0.2895998115867437,0.7087227931631864,0.8358339264975994,1
1320,Janousek,36.81747,-121.75211,0.5188343881212776,0.5229180078793733,0.14205621609644276,0.4209831199194726,0.2647481512178639,0.5229180078793733,1
1321,Janousek,36.84818,-121.75834,0.7434225095946183,0.4487617696817399,0.10836223672856507,0.7674034986103706,0.11490554255818221,0.7674034986103706,3
1322,Janousek,36.82283,-121.74753,0.39001759861259444,0.5095716242894177,0.165186621373522,0.26762579522472946,0.2575235298996168,0.5095716242894177,1
1323,Janousek,36.82823,-121.74745,0.46201201788281837,0.5137080473544391,0.13437279328291493,0.3486200834075715,0.24655628016752076,0.5137080473544391,1
1324,Janousek,36.85001,-121.76055,0.7337816196544982,0.40796265861070286,0.09134312541569428,0.7669592069087465,0.1388133669655059,0.7669592069087465,3
1325,Janousek,36.83177,-121.74066,0.7517723603524489,0.34428527197958636,0.08534236035645275,0.8473418854409039,0.08235429318795422,0.8473418854409039,3
1326,Janousek,36.83912,-121.754,0.630826886887575,0.47692227025668593,0.09019542741794039,0.5682346700913753,0.16158573103888932,0.630826886887575,0
1329,Janousek,36.85897,-121.75592,0.3565967618698014,0.5316564197017252,0.22445835085001317,0.2299674616525094,0.35740934132380076,0.5316564197017252,1
133,Janousek,48.3526,-122.4633,0.7762035882023075,0.813686421735406,0.3534001970260468,0.5700993892158709,0.5315205251136037,0.813686421735406,1
1330,Janousek,36.83359,-121.74287,0.5049066946662215,0.5168592714178599,0.1365489842281626,0.4017220245316225,0.2500721255436745,0.5168592714178599,1
1331,Janousek,36.83905,-121.74727,0.5971333772152402,0.502785555620055,0.118887174033326,0.5182473734414363,0.20366681753734425,0.5971333772152402,0
1332,Janousek,36.8482,-121.76058,0.7242814962397535,0.4590402908159986,0.10122814586095144,0.7069830021105066,0.16379445537918189,0.7242814962397535,0
1333,Janousek,36.84083,-121.745,0.7389704142030443,0.4548832854640805,0.08060407350862571,0.7627798447000564,0.13602283658511025,0.7627798447000564,3
1335,Janousek,36.81751,-121.75659,0.3652403592533169,0.5024755822398924,0.1512527353537184,0.2646956677470585,0.25351813673565593,0.5024755822398924,1
1336,Janousek,36.83179,-121.7429,0.4464901389684471,0.5079854043462245,0.14407708727654475,0.3309278826238469,0.24450909203132712,0.5079854043462245,1
1337,Janousek,36.83544,-121.74733,0.6094116717351992,0.4671754570843388,0.09905655230629525,0.5502546700510116,0.18961517691967053,0.6094116717351992,0
1338,Janousek,36.84638,-121.75837,0.7576176293448744,0.35592962759661967,0.08090069901357054,0.8455667996652084,0.08603055310133531,0.8455667996652084,3
134,Janousek,48.3527,-122.4635,0.7467353190685296,0.8415228873106024,0.36777958167210334,0.5348049502824564,0.5629000272511699,0.8415228873106024,1
1341,Janousek,36.81754,-121.75883,0.4435581536278591,0.5338133534520437,0.11848391843201203,0.34239483726778674,0.21782033561650885,0.5338133534520437,1
1342,Janousek,36.83718,-121.74057,0.6276069034947466,0.5206471675941415,0.11224436636195727,0.5532193000318176,0.1894683328682125,0.6276069034947466,0
1343,Janousek,36.83001,-121.74517,0.4638593953103513,0.5190866799259535,0.13374253161845626,0.339875646020028,0.2390479371435259,0.5190866799259535,1
1344,Janousek,36.8446,-121.76064,0.36882298983096184,0.46152420569884867,0.12182244479825421,0.23576254611727612,0.2950333333022347,0.46152420569884867,1
1345,Janousek,36.83903,-121.74503,0.6232694475620942,0.4907489892714107,0.12945669561887668,0.5710431967591645,0.21600874211473906,0.6232694475620942,0
1346,Janousek,36.83182,-121.74515,0.5063984880709028,0.5200556062928989,0.1295584351320284,0.397173682422606,0.212534593588139,0.5200556062928989,1
1347,Janousek,36.82643,-121.74748,0.4204331795823551,0.5119168754760927,0.14097758724217196,0.2945660617831355,0.2447730470297456,0.5119168754760927,1
1348,Janousek,36.81384,-121.74992,0.7155028121836426,0.37736907516003587,0.08389681057675885,0.7766202949654872,0.12456519174954515,0.7766202949654872,3
1349,Janousek,36.84635,-121.75612,0.70037780123504,0.4834007835109066,0.13560569846672696,0.696295367802074,0.14569295330005702,0.70037780123504,0
135,Janousek,48.3528,-122.4637,0.7357330212225598,0.840139132545226,0.3607791964088628,0.5207821708698297,0.5639764336623336,0.840139132545226,1
1350,Janousek,36.83725,-121.7473,0.5845713033205905,0.4911746530469793,0.10259351920972036,0.5107598530259362,0.19455805595970146,0.5845713033205905,0
1352,Janousek,36.82997,-121.74069,0.7528284180445064,0.390760893675838,0.08996782524078409,0.8283133573713723,0.10147323923922852,0.8283133573713723,3
1353,Janousek,36.81749,-121.75435,0.48536536159373905,0.5788614104807625,0.17433597733644385,0.37860717071355743,0.26397813523627234,0.5788614104807625,1
1354,Janousek,36.81571,-121.75662,0.3766329427060446,0.5003963235687656,0.1618043887228875,0.26009620775456715,0.2604115306012747,0.5003963235687656,1
1355,Janousek,36.84453,-121.75391,0.6516369587169287,0.5071548684923461,0.16000383048800743,0.6191926303616495,0.18652328768400936,0.6516369587169287,0
1356,Janousek,36.83357,-121.74063,0.7585447087978567,0.3697632158123844,0.08820547053965534,0.8350628225041946,0.09700287723892369,0.8350628225041946,3
1357,Janousek,36.81922,-121.74759,0.4265935263393273,0.5186179355605505,0.15122650213556926,0.3077065545728887,0.25230132332773203,0.5186179355605505,1
1358,Janousek,36.8391,-121.75176,0.6918027767141517,0.4332680334369042,0.08752185278794575,0.674750424238037,0.14972913141017266,0.6918027767141517,0
136,Janousek,48.3529,-122.4639,0.6826407593315139,0.8501255522666835,0.36200105052532267,0.4520313475764205,0.5980831220898434,0.8501255522666835,1
1360,Janousek,36.81756,-121.76107,0.40806877693936194,0.5211961022665663,0.1556904335940722,0.2786552175485454,0.27044573304349107,0.5211961022665663,1
1361,Janousek,36.83907,-121.74951,0.536218034975936,0.5004830023912676,0.12874874388414012,0.44718921606940193,0.21415722625774236,0.536218034975936,0
1362,Janousek,36.83727,-121.74954,0.6296168778294307,0.4634343751154437,0.11014701395648463,0.579753620024303,0.17732379435885479,0.6296168778294307,0
1363,Janousek,36.81758,-121.76332,0.36005788043267706,0.5131103038991585,0.1592310822042044,0.2396153540904418,0.2846761034053762,0.5131103038991585,1
1366,Janousek,36.84998,-121.75831,0.48539166936682154,0.55575546347126,0.16142486921580332,0.36040441285231795,0.28123468773955285,0.55575546347126,1
1367,Janousek,36.82301,-121.74383,0.5844302597403298,0.5009648652189684,0.1512763742643306,0.5107401940187851,0.2273462851609922,0.5844302597403298,0
1368,Janousek,36.82481,-121.74369,0.5805781043015427,0.4851481258991812,0.15629712547027017,0.515553744362987,0.22360330760658123,0.5805781043015427,0
137,Janousek,48.353,-122.4642,0.6471883383953979,0.8550791304282608,0.36531410832256905,0.4076211767670139,0.624596727032343,0.8550791304282608,1
1370,Janousek,36.84816,-121.75609,0.45427527289216585,0.568354911302158,0.191727440877119,0.3197631781435666,0.2865760380597843,0.568354911302158,1
1373,Janousek,36.81917,-121.74311,0.5235069147999712,0.5395209630207289,0.15114950466219237,0.41305733372690934,0.257567344473338,0.5395209630207289,1
1375,Janousek,36.82098,-121.74308,0.6318124701275127,0.49253059842116215,0.15132147509031507,0.5801795900597766,0.2038985826778341,0.6318124701275127,0
1376,Janousek,36.81578,-121.76335,0.34532128310982035,0.4649139055413839,0.14985716028614043,0.22483283534025836,0.2890989916944808,0.4649139055413839,1
1378,Janousek,36.81386,-121.75217,0.7206725769125909,0.3142296257161097,0.06132393809558277,0.8352122505108328,0.07120339690304375,0.8352122505108328,3
1379,Janousek,36.85178,-121.75828,0.45503732334928526,0.5440640825282563,0.20161483845432776,0.32882086113261694,0.2981435735206282,0.5440640825282563,1
138,Janousek,48.3531,-122.4643,0.6712754435758226,0.8590592524359997,0.37085231026053517,0.42886711364975144,0.6133045177208901,0.8590592524359997,1
1380,Janousek,36.85899,-121.75816,0.35176948876054426,0.5036853925791568,0.1526810324354193,0.22814116440143778,0.32119566608867545,0.5036853925791568,1
1381,Janousek,36.81576,-121.7611,0.3907256276253695,0.5143832371432256,0.15391842946576087,0.2874510917355339,0.24518081224176685,0.5143832371432256,1
1382,Janousek,36.83362,-121.74512,0.4603048012941412,0.5157240918239202,0.1363056300176647,0.33482998640839046,0.2546685707821792,0.5157240918239202,1
1383,Janousek,36.82063,-121.74745,0.3593710249120303,0.5000793126279812,0.17986224376722973,0.24376733396998918,0.2749378041721145,0.5000793126279812,1
139,Janousek,43.3359,-124.3281,0.4194402391071224,0.6111456471418377,0.34143234281742824,0.2852777565974967,0.6821653945358688,0.6821653945358688,4
1395,Janousek,30.455094,-116.028388,0.2625365042642171,0.3974909018356726,0.11692514899359799,0.17208976494136888,0.2052201545090009,0.3974909018356726,1
1396,Janousek,30.455094,-116.028388,0.2625365042642171,0.3974909018356726,0.11692514899359799,0.17208976494136888,0.2052201545090009,0.3974909018356726,1
1397,Janousek,30.455094,-116.028388,0.2625365042642171,0.3974909018356726,0.11692514899359799,0.17208976494136888,0.2052201545090009,0.3974909018356726,1
1398,Janousek,30.455094,-116.028388,0.2625365042642171,0.3974909018356726,0.11692514899359799,0.17208976494136888,0.2052201545090009,0.3974909018356726,1
1399,Janousek,30.455094,-116.028388,0.2625365042642171,0.3974909018356726,0.11692514899359799,0.17208976494136888,0.2052201545090009,0.3974909018356726,1
14,Janousek,38.1988,-122.0317,0.19702089832705466,0.3511115703307708,0.04766683655699389,0.13161900390988068,0.2540915220406933,0.3511115703307708,1
140,Janousek,43.3357,-124.3282,0.43951650778635004,0.6457141339612593,0.3796528507018267,0.28548981149483826,0.7192808781588774,0.7192808781588774,4
141,Janousek,43.3355,-124.3282,0.46578518959435955,0.6878673223126539,0.39721359908746917,0.3056750438360323,0.7165158786970913,0.7165158786970913,4
1417,Janousek,37.91953,-122.6884,0.3784992967703956,0.5736417660350247,0.18583640033818632,0.21652753553516133,0.39014741792942353,0.5736417660350247,1
1418,Janousek,37.91855,-122.68797,0.4248926773879112,0.606566955152762,0.1908468915532291,0.2587305049118239,0.3617542450855063,0.606566955152762,1
142,Janousek,43.3354,-124.3283,0.4697475749422732,0.694991573812984,0.39642991192222826,0.3102898432504475,0.7193166848748679,0.7193166848748679,4
1420,Janousek,37.9177,-122.68858,0.3934555069461111,0.5906781761542735,0.19610709759795053,0.23431356714730156,0.3716984841034448,0.5906781761542735,1
1422,Janousek,40.67758,-124.2176,0.6188079360183143,0.738228563927137,0.25763271434703267,0.44659465166870294,0.4817496585695495,0.738228563927137,1
1423,Janousek,40.67775,-124.2172,0.6052086293403762,0.7458355878071335,0.2532552388960025,0.42661376163854275,0.48609238626291185,0.7458355878071335,1
1424,Janousek,40.67803,-124.21678,0.6269009708781658,0.7594496076703199,0.2682649017059823,0.4408537053067074,0.5047270391431765,0.7594496076703199,1
143,Janousek,43.3352,-124.3284,0.46944021682633424,0.6869583714077967,0.3955350808457818,0.30470888118068024,0.7302133295416139,0.7302133295416139,4
1436,Janousek,35.341,-120.8367,0.38069183589431344,0.46199892903292983,0.15350900246871174,0.28467043930993546,0.24328735352234238,0.46199892903292983,1
1437,Janousek,35.341,-120.8366,0.38069183589431344,0.46199892903292983,0.15350900246871174,0.28467043930993546,0.24328735352234238,0.46199892903292983,1
1439,Janousek,35.3446,-120.8342,0.33865805073179023,0.49562159198376005,0.15824294235673328,0.2250008882544691,0.3091889134821806,0.49562159198376005,1
144,Janousek,43.3351,-124.3284,0.4853139811715889,0.6952529581127022,0.4087915203946259,0.3127816536179186,0.7372818265301836,0.7372818265301836,4
1444,Janousek,35.3426,-120.8392,0.3183291243765557,0.45336668977505146,0.15725032640303596,0.22723185001401447,0.2804566232423416,0.45336668977505146,1
1446,Janousek,40.87302,-124.15101,0.6027562632313246,0.7573120166531846,0.29190775667778784,0.4151844678644639,0.48151059092367937,0.7573120166531846,1
1448,Janousek,40.8638,-124.15087,0.5918685480089624,0.7467238976998842,0.2600732136197058,0.38557957351014704,0.42880152639134694,0.7467238976998842,1
1450,Janousek,40.86228,-124.15372,0.6316954812683808,0.7072978456795987,0.24758730129772408,0.46470674018187297,0.3916338952203445,0.7072978456795987,1
1453,Janousek,40.86382,-124.15084,0.5881833120467373,0.7543232441707047,0.2643444113755371,0.3918516248223942,0.4279828132344247,0.7543232441707047,1
1454,Janousek,40.8629,-124.14893,0.5892602501300171,0.7795062725501396,0.2995553889802542,0.39059299193174296,0.45585430001605903,0.7795062725501396,1
1455,Janousek,40.86283,-124.1491,0.565725129571192,0.7632761690537035,0.29329706024868085,0.37067090983122103,0.4361715290051494,0.7632761690537035,1
1456,Janousek,38.19453,-122.55325,0.22781021985895328,0.4450660211909422,0.130475505578806,0.1276958534781857,0.27757849012154423,0.4450660211909422,1
1458,Janousek,38.1689,-122.55103,0.2430378805179976,0.44457060361625544,0.14424716938901427,0.1395230474687818,0.26506665108331207,0.44457060361625544,1
1494,Janousek,40.70412,-124.21617,0.6678174467853517,0.7068102028634556,0.26960789796510287,0.47605482794829806,0.4265311373629859,0.7068102028634556,1
1495,Janousek,40.70402,-124.21592,0.66350479264425,0.7219207748138794,0.2634798207956731,0.4662526140711257,0.4221183626523583,0.7219207748138794,1
1496,Janousek,40.70429,-124.21514,0.6518556158467765,0.7371873210519433,0.2809806908738242,0.4551019978422262,0.4297709844776098,0.7371873210519433,1
1497,Janousek,38.0087,-122.4876,0.3290099753600825,0.5335043232470486,0.23255849638263412,0.19500516064646103,0.36189205245900674,0.5335043232470486,1
1499,Janousek,38.0343,-122.0992,0.25105419103965837,0.44291395031343955,0.08816399362193504,0.14471011473615766,0.31447713533370203,0.44291395031343955,1
15,Janousek,38.1986,-122.0309,0.2136039686330924,0.3748100565233943,0.035539737739770476,0.13404477312647517,0.2481367245929041,0.3748100565233943,1
1547,Janousek,43.26961,-124.32114,0.4537561083725725,0.5830994809835474,0.6722305974820635,0.34604916377240513,0.7157383718371837,0.7157383718371837,4
1548,Janousek,43.27225,-124.31899,0.4528264619520171,0.6848836241327225,0.3228468630925695,0.273365875363423,0.7568307096917862,0.7568307096917862,4
1551,Janousek,43.27253,-124.3193,0.40126056095461554,0.5456311140737317,0.40713052701358304,0.28076785102807994,0.6916934759155683,0.6916934759155683,4
1564,Janousek,48.76458,-123.62883,0.8311659462886999,0.9257751426166759,0.4412555119974074,0.5745684840125872,0.6800389914809919,0.9257751426166759,1
1565,Janousek,48.76417,-123.62717,0.9774596604510535,0.7700868746706009,0.3442452644089708,0.8351806982081367,0.47331623053677235,0.9774596604510535,0
1566,Janousek,48.7635,-123.623,0.9563073884331056,0.6496595503744218,0.3077003583636561,0.9146445539133528,0.3557271062869843,0.9563073884331056,0
1568,Janousek,48.75867,-123.63467,0.648114125548194,0.9165367682156704,0.4221296562119157,0.3636018577984519,0.7636641682520512,0.9165367682156704,1
1569,Janousek,48.758,-123.63183,0.9725013454434643,0.6967110572351777,0.316211102762306,0.884675237000579,0.3900318950291366,0.9725013454434643,0
157,Janousek,48.5492,-122.5317,0.8606836815735043,0.5077573090894862,0.32434274589432327,0.9671573902781042,0.302270396863994,0.9671573902781042,3
1570,Janousek,48.75717,-123.63033,0.9636974931548586,0.6768718739592469,0.32686915841668057,0.9192006261239701,0.3821382555347437,0.9636974931548586,0
1574,Janousek,48.74789,-123.63752,0.8094702248517103,0.952883151018935,0.4706335795509651,0.5237290083420512,0.6978854720717289,0.952883151018935,1
1575,Janousek,48.74789,-123.63752,0.8094702248517103,0.952883151018935,0.4706335795509651,0.5237290083420512,0.6978854720717289,0.952883151018935,1
1576,Janousek,48.76317,-123.63567,0.6402776575569371,0.9277890942854965,0.5440898956661847,0.39670933991987994,0.8065874477373267,0.9277890942854965,1
1577,Janousek,48.76283,-123.61681,0.7266054868930514,0.7358661199441416,0.5188860868019299,0.642186665879102,0.534417425776033,0.7358661199441416,1
1578,Janousek,48.761,-123.626,0.9534068180317786,0.6335022147594592,0.3216965468719699,0.9435311564086922,0.3452002273758008,0.9534068180317786,0
1579,Janousek,48.76117,-123.62483,0.9520984245243691,0.6365601220524263,0.31787485676703486,0.9165747201738987,0.3591539374338091,0.9520984245243691,0
158,Janousek,48.5492,-122.5319,0.8642677838511256,0.5114310512628677,0.32831220804912503,0.9690943705440259,0.2998991221637493,0.9690943705440259,3
1580,Janousek,48.7615,-123.62467,0.950394851155199,0.6236056669712727,0.31206763571850765,0.9258588779056023,0.3494502166476931,0.950394851155199,0
1581,Janousek,48.762,-123.62433,0.9456869711378532,0.6161492300744518,0.3150742143402453,0.9325079020606531,0.3479544383246014,0.9456869711378532,0
159,Janousek,48.5492,-122.5323,0.8652668130457213,0.5071344930110386,0.3196003785692709,0.9705807813515644,0.29062855148021005,0.9705807813515644,3
16,Janousek,38.1988,-122.0321,0.21255241093099145,0.36975753068116196,0.060017251012619975,0.14151052961862884,0.285852743377007,0.36975753068116196,1
160,Janousek,48.5492,-122.5325,0.8693145466874725,0.5207265118006648,0.32686046409203684,0.9690449319766558,0.29962374068842684,0.9690449319766558,3
161,Janousek,48.5492,-122.5327,0.8732677607157138,0.525091645482051,0.3317866335301313,0.9660353873514973,0.30710371964556255,0.9660353873514973,3
162,Janousek,48.5493,-122.5331,0.8747229842148398,0.5292962465858373,0.33197365984235294,0.9653634595688698,0.3112422821156134,0.9653634595688698,3
163,Janousek,43.3141,-124.3193,0.8758243208520515,0.5095375501870318,0.24332473133445523,0.9419236444948262,0.24371134478714968,0.9419236444948262,3
164,Janousek,43.3139,-124.3192,0.8871630344090023,0.5214841732035146,0.2511533074119507,0.943184630456207,0.24771498431674532,0.943184630456207,3
165,Janousek,43.3138,-124.3191,0.8931884591308715,0.5346063956237451,0.26034137758063247,0.9413151661547806,0.2568957717493571,0.9413151661547806,3
166,Janousek,43.3136,-124.3191,0.9008846335764208,0.5647990035236076,0.26175576692743036,0.9285006521270193,0.26864248842919053,0.9285006521270193,3
167,Janousek,43.3135,-124.319,0.9015420589715073,0.5702793479330053,0.2700882503058797,0.9264188736192838,0.2724102334900147,0.9264188736192838,3
168,Janousek,43.3133,-124.3189,0.9111168862734919,0.6131022195414486,0.28273509402820685,0.9045700483562519,0.2907054407077502,0.9111168862734919,0
169,Janousek,43.2836,-124.3235,0.5277938854174338,0.5879406370984193,0.4485407049587236,0.39556227274814804,0.5340266079200336,0.5879406370984193,1
17,Janousek,38.1992,-122.0325,0.4784268721995055,0.5227513254625644,0.08018910643009819,0.4095599997387651,0.24227953314271775,0.5227513254625644,1
170,Janousek,43.2834,-124.3234,0.677792873113713,0.7388080324528119,0.3787767677093464,0.5241064977590413,0.554395671984277,0.7388080324528119,1
171,Janousek,43.2833,-124.3233,0.674818753125153,0.7698317813410053,0.38828981059749074,0.5017250150162631,0.5989223526006326,0.7698317813410053,1
172,Janousek,43.2831,-124.3232,0.6698603880081216,0.8114904675595837,0.4008804501683995,0.4696899702354168,0.6339643822215124,0.8114904675595837,1
173,Janousek,43.283,-124.3231,0.7341773723634695,0.7981529237312621,0.36092072403089676,0.5642662776682764,0.5586438810571405,0.7981529237312621,1
174,Janousek,43.2828,-124.323,0.6426157231030519,0.8085983172948594,0.41319338520564075,0.4452629018657844,0.6352601658456833,0.8085983172948594,1
175,Janousek,43.2936,-124.3233,0.7476800715535024,0.8639244920949205,0.39440054682458386,0.5374358129507261,0.5511206865209969,0.8639244920949205,1
176,Janousek,43.2935,-124.3234,0.7341381881988029,0.8534223431498467,0.4103275140213137,0.5406627203578867,0.551986543698267,0.8534223431498467,1
177,Janousek,43.2933,-124.3235,0.6485998605955852,0.8506123678580475,0.41308923068288417,0.43832552736989905,0.6010434055980944,0.8506123678580475,1
178,Janousek,43.2931,-124.3236,0.618507391676357,0.8494931728631658,0.40380568380692683,0.4073325911851951,0.6262736835414896,0.8494931728631658,1
179,Janousek,43.293,-124.3237,0.6544649609034799,0.8535272821260249,0.3896696752381515,0.448418895312141,0.5933777396028483,0.8535272821260249,1
18,Janousek,38.1996,-122.0315,0.32939969373130795,0.4352676931202368,0.05289014603379484,0.25801423317465005,0.2507858127159241,0.4352676931202368,1
180,Janousek,43.2928,-124.3238,0.5905779941465479,0.8459686523695988,0.3934286987082321,0.3735510109867427,0.6383332901835176,0.8459686523695988,1
181,Janousek,43.3345,-124.328,0.6147357626122435,0.7155251220675637,0.4250116910805528,0.4504507897618209,0.6460557330716356,0.7155251220675637,1
182,Janousek,43.3347,-124.3279,0.6455220326242248,0.8307057894893386,0.44842255383586965,0.4626144862014169,0.6473909101286892,0.8307057894893386,1
183,Janousek,43.3349,-124.3279,0.5874719961039856,0.8208679059837608,0.4481958851848734,0.41351711499319427,0.6564733120276888,0.8208679059837608,1
184,Janousek,43.3351,-124.3278,0.5643359919990721,0.799800026399323,0.43541351329843214,0.3881375960546262,0.6467360971178857,0.799800026399323,1
185,Janousek,43.3353,-124.3278,0.5535711766829119,0.7938795677546759,0.42262310400661895,0.37236022580013617,0.6545303061759397,0.7938795677546759,1
186,Janousek,43.3354,-124.3277,0.5471432733115318,0.7952212415146904,0.4475117592680906,0.3779254518053128,0.6636722701928583,0.7952212415146904,1
19,Janousek,38.2009,-122.0304,0.2458776943939804,0.4094351485079688,0.0772758882792105,0.16268084934327368,0.28485881546160235,0.4094351485079688,1
20,Janousek,38.2043,-122.0249,0.24373813293539798,0.42205142882380814,0.10590518896705362,0.12599057619840076,0.3404388562044802,0.42205142882380814,1
21,Janousek,49.66555,-124.91283,0.8959021569404039,0.5313482402601412,0.3331786190841165,0.9889889410878656,0.30185667396967775,0.9889889410878656,3
217,Janousek,40.8865,-124.1406,0.6783839173970538,0.7630226084978592,0.2737525143004428,0.5064307706043905,0.5068604239594058,0.7630226084978592,1
218,Janousek,40.8863,-124.1406,0.648672584573226,0.776590416868342,0.2919699973005302,0.46587595771461804,0.5138756712424403,0.776590416868342,1
219,Janousek,40.8862,-124.1406,0.647010088708083,0.77796361423968,0.29336897644175886,0.4636082430733106,0.5158797487505296,0.77796361423968,1
22,Janousek,49.66605,-124.91022,0.8923332257383214,0.5136553609880324,0.32163707849535167,0.989271101484416,0.2963297020757372,0.989271101484416,3
220,Janousek,40.886,-124.1406,0.6232743041605685,0.7947945457081808,0.3237358690485663,0.4363257839814751,0.5308902673696521,0.7947945457081808,1
221,Janousek,40.8858,-124.1406,0.6243782650755311,0.7998482240621505,0.32992957191262723,0.4368320633478581,0.5367827895458605,0.7998482240621505,1
222,Janousek,40.8856,-124.1406,0.5429678486745764,0.7601457863380127,0.3616145049672343,0.35194499228806303,0.5798753857289318,0.7601457863380127,1
229,Janousek,40.704,-124.2166,0.6910854008442413,0.69612584636106,0.27997427943485054,0.512050790229731,0.42230113090142596,0.69612584636106,1
23,Janousek,49.67005,-124.93853,0.8774627350182844,0.5085174745593442,0.31975467921501277,0.9822890908293498,0.27842816511456425,0.9822890908293498,3
230,Janousek,40.7041,-124.2164,0.6760160246027509,0.7010043795467449,0.2675715063297035,0.492345209939989,0.42681270295291607,0.7010043795467449,1
231,Janousek,40.7042,-124.2162,0.6685525089739887,0.6983197126334335,0.26260380232573177,0.4827864706618242,0.42593418750306966,0.6983197126334335,1
232,Janousek,40.7043,-124.211,0.8387689930220007,0.6756757347380065,0.2048736232032911,0.7690038711170161,0.3455310835648315,0.8387689930220007,0
233,Janousek,40.7044,-124.2159,0.6682378012832098,0.697606116673268,0.26338734538347497,0.4782711723389412,0.4351828582961502,0.697606116673268,1
234,Janousek,40.7045,-124.2156,0.6530785593533384,0.7134334440757233,0.26946604720019157,0.4604575815246822,0.4355303874014986,0.7134334440757233,1
235,Janousek,40.7172,-124.227,0.8161241768892845,0.39697948249063325,0.17521642123180206,0.9265842472626591,0.15753167098772297,0.9265842472626591,3
236,Janousek,40.7172,-124.2268,0.8204938619192665,0.40555949533920066,0.18820010117283117,0.9315421533984095,0.17022902654552188,0.9315421533984095,3
237,Janousek,40.7172,-124.2265,0.8211208730123135,0.4051838744615825,0.18627800000827782,0.9313802000652165,0.17262737065746803,0.9313802000652165,3
238,Janousek,40.7173,-124.2264,0.8235078645080617,0.4122067903432563,0.19758901113710634,0.9391779382756222,0.18096608989960827,0.9391779382756222,3
239,Janousek,40.7172,-124.2261,0.8223544854450006,0.40393509654625154,0.1895027242389703,0.9358384507337095,0.17549293255701354,0.9358384507337095,3
24,Janousek,49.65835,-124.95398,0.8685997641012453,0.5162224583492531,0.3412741675080024,0.9841427842170037,0.31678234431456875,0.9841427842170037,3
240,Janousek,40.7172,-124.2259,0.8268307027176438,0.4055146076512216,0.19064871378484416,0.9371255327119972,0.17574321395287273,0.9371255327119972,3
241,Janousek,48.0132,-122.1508,0.4513281568998951,0.741250292433402,0.6686368626104214,0.27076847784408253,0.777146150627867,0.777146150627867,4
242,Janousek,48.0133,-122.1506,0.45558905729594074,0.7394062631226861,0.6646253305473292,0.27986788508373284,0.772416723657016,0.772416723657016,4
243,Janousek,48.0133,-122.1503,0.43788159667712334,0.7379981477270917,0.6226534938672856,0.24495797330619407,0.7582623337513518,0.7582623337513518,4
244,Janousek,48.0135,-122.1501,0.46080828109447786,0.7495229623476358,0.6110968099958253,0.26573575512729514,0.7768300284227334,0.7768300284227334,4
245,Janousek,48.0135,-122.1499,0.44986996742569846,0.7562369913704405,0.5930472895040734,0.25673173823599776,0.7646941455554951,0.7646941455554951,4
246,Janousek,48.0135,-122.1496,0.4371618946261857,0.7550373914205644,0.5703624492021178,0.24732339450022822,0.7504723392640084,0.7550373914205644,1
25,Janousek,49.66023,-124.9439,0.8624374264506702,0.49840482185980256,0.3441172024375149,0.9918738378270086,0.29115506432693633,0.9918738378270086,3
26,Janousek,49.6668,-124.93478,0.8423775135657954,0.4540364949824308,0.3340945224856572,0.9889852973260775,0.2418439170172637,0.9889852973260775,3
27,Janousek,49.65865,-124.9423,0.8460429057758321,0.46144384709401,0.3417987602836633,0.9938438059469118,0.24291687196349734,0.9938438059469118,3
28,Janousek,49.66513,-124.91967,0.8524132345423028,0.46450819672727506,0.3154093579315437,0.9885042662608239,0.24948865652744412,0.9885042662608239,3
29,Janousek,49.65162,-124.93242,0.8455194150693695,0.46025377935937983,0.3302613167227369,0.9941400099631873,0.24479304374582028,0.9941400099631873,3
295,Janousek,48.0817,-123.0463,0.7165534359409015,0.881001715367018,0.5245285008563432,0.5003009956341733,0.6899062003815604,0.881001715367018,1
296,Janousek,47.0967,-122.7006,0.48638302250709964,0.8211816136946615,0.3603610967165373,0.2661738825782051,0.7761395936730286,0.8211816136946615,1
297,Janousek,47.0965,-122.7015,0.5095931924596491,0.8335483279130393,0.3496859370068084,0.26909117968032104,0.7478506079482942,0.8335483279130393,1
299,Janousek,47.0951,-122.7018,0.6412035936104579,0.8710771019615328,0.374684557486728,0.4009441003198171,0.7185443565358594,0.8710771019615328,1
3,Janousek,38.2023,-122.0274,0.22254414308865927,0.37309561407871256,0.04961464215588589,0.1396178378296452,0.30362125713625865,0.37309561407871256,1
30,Janousek,48.549,-122.501,0.9011816858181791,0.5369932966599995,0.3029546425292366,0.9489460980056676,0.29244143596971434,0.9489460980056676,3
300,Janousek,48.505,-122.483,0.6619540161981755,0.8693383001055238,0.5295177159933607,0.39508288433715466,0.802893482678783,0.8693383001055238,1
302,Janousek,43.293,-124.325,0.482856925899194,0.7721513859321362,0.41886521714680397,0.2826474845925706,0.7417975866625167,0.7721513859321362,1
305,Janousek,48.5056,-122.4829,0.5667923511247396,0.8224187901133856,0.5547492385728247,0.3294708514557551,0.8354775859634685,0.8354775859634685,4
31,Janousek,48.549,-122.509,0.8653005552802422,0.49296823267417184,0.2947481883156476,0.9644727895778832,0.27881445582873604,0.9644727895778832,3
32,Janousek,48.549,-122.514,0.858766056501031,0.5124528957431705,0.3030395869706823,0.9519760630853282,0.2992404407954088,0.9519760630853282,3
33,Janousek,48.549,-122.523,0.8656292968975648,0.5082830002693577,0.3197530888072558,0.9693369412817363,0.29592854532161317,0.9693369412817363,3
34,Janousek,48.549,-122.529,0.866707982829793,0.5156045626074713,0.329654009590194,0.9662003528824403,0.2973422179701401,0.9662003528824403,3
35,Janousek,48.55,-122.536,0.8632501029653069,0.507837422025071,0.32503084882911415,0.9662356754683882,0.2987413528319933,0.9662356754683882,3
350,Janousek,43.1454,-124.39635,0.5458005362069975,0.7993420252012304,0.3803006067666066,0.36032438831929287,0.6947785967318831,0.7993420252012304,1
351,Janousek,43.14415,-124.39651,0.5042803123013347,0.7294338735250503,0.36052878425069257,0.3093177903314679,0.7040074207808379,0.7294338735250503,1
352,Janousek,43.14116,-124.40071,0.43183910675948545,0.6939605004755183,0.2786702406813406,0.2588332445542841,0.6250993991058589,0.6939605004755183,1
353,Janousek,43.14249,-124.40153,0.4679123839286179,0.7146361379170094,0.265982611238514,0.28998232269635177,0.5904638933884145,0.7146361379170094,1
354,Janousek,43.1394,-124.40437,0.5319673456082525,0.7670056488053297,0.28529352578893225,0.3486505755835379,0.5439731064235065,0.7670056488053297,1
355,Janousek,43.13893,-124.40505,0.7742998882055824,0.7773984255894089,0.24950912999532163,0.6064534599288615,0.4054270673703094,0.7773984255894089,1
356,Janousek,43.13502,-124.40286,0.8768717283794315,0.7153553181794771,0.26361164845876417,0.7349577669525397,0.3659463157501206,0.8768717283794315,0
357,Janousek,43.13018,-124.40729,0.4187843482800608,0.6701687115807581,0.24055354224397654,0.24615641978709835,0.5611987765466395,0.6701687115807581,1
358,Janousek,43.13409,-124.40674,0.604896335493675,0.7162769668289264,0.26428383402482036,0.43071220207414357,0.4471330511174654,0.7162769668289264,1
359,Janousek,43.13622,-124.40226,0.5102874214879309,0.7636146925954514,0.30931175083209556,0.3342423076708356,0.5568875773019248,0.7636146925954514,1
36,Janousek,48.55,-122.544,0.8413564767584866,0.4736574830988555,0.3172695115974646,0.9728649383846251,0.2652513436038428,0.9728649383846251,3
37,Janousek,48.227,-122.384,0.7572209258741937,0.8765471289804238,0.42116877590958085,0.5345841241012341,0.666071032081242,0.8765471289804238,1
38,Janousek,48.227,-122.383,0.5014681090112895,0.8199332854041148,0.46392957222757986,0.2220457324714817,0.8374767938688179,0.8374767938688179,4
385,Janousek,47.09329,-122.70051,0.5373056472871862,0.8486029946360529,0.3435577528350191,0.306301413461948,0.7683951197492617,0.8486029946360529,1
386,Janousek,47.09567,-122.69803,0.5139761502430331,0.8242128848931618,0.38230484519033786,0.2985325326710842,0.8050339409894042,0.8242128848931618,1
387,Janousek,47.09337,-122.70092,0.4746857104135459,0.8026547179653257,0.3288417287397096,0.24374203624062263,0.7887907251525202,0.8026547179653257,1
388,Janousek,47.09662,-122.69857,0.5151382222673894,0.8243740486603026,0.3466983109699074,0.28829911187597995,0.7904977339556649,0.8243740486603026,1
389,Janousek,47.09661,-122.69878,0.4972844243199127,0.8047850282534686,0.3461065555891616,0.2724365049850807,0.794357282125374,0.8047850282534686,1
39,Janousek,48.226,-122.383,0.7793916181085542,0.8515121748305239,0.37499997142414876,0.5513788967547153,0.5683129859267145,0.8515121748305239,1
390,Janousek,47.09662,-122.699,0.4711872243795356,0.7884850223194629,0.35989120925034584,0.25310037923074274,0.8059558362007642,0.8059558362007642,4
4,Janousek,38.2021,-122.0281,0.20129489042156692,0.37768646402602996,0.06700951977419786,0.121811195873118,0.28297741794478465,0.37768646402602996,1
40,Janousek,48.226,-122.383,0.7793916181085542,0.8515121748305239,0.37499997142414876,0.5513788967547153,0.5683129859267145,0.8515121748305239,1
41,Janousek,48.202,-122.386,0.9299551487062376,0.6136702381170066,0.27433470543622335,0.8753867834556349,0.2966877123458034,0.9299551487062376,0
42,Janousek,48.202,-122.386,0.9299551487062376,0.6136702381170066,0.27433470543622335,0.8753867834556349,0.2966877123458034,0.9299551487062376,0
43,Janousek,48.192,-122.363,0.5564056064427597,0.8899188013859834,0.42953879665692074,0.2931742527685432,0.7997639077849342,0.8899188013859834,1
44,Janousek,48.191,-122.363,0.6086997431934524,0.9209797762369776,0.4634200014792449,0.3629239584186688,0.7267011866120796,0.9209797762369776,1
448,Janousek,48.51479,-122.52914,0.8320675628257184,0.44734657084656354,0.3061090574079654,0.9773888769802564,0.24091682853106827,0.9773888769802564,3
45,Janousek,48.188,-122.363,0.7557805006467504,0.8800444063537615,0.4101119976030664,0.5191722583125168,0.5669728132726625,0.8800444063537615,1
455,Janousek,37.5119,-122.2192,0.25720446670037783,0.4402767838901592,0.1148881721974466,0.1522233097900417,0.22961285553752794,0.4402767838901592,1
46,Janousek,48.187,-122.363,0.8261401407282238,0.8550995593888172,0.37921124719141686,0.609987116057237,0.5085672234699191,0.8550995593888172,1
462,Janousek,37.7537,-122.2123,0.3878633668865085,0.4851506322405515,0.11114489411515875,0.2609765525904319,0.26671176555800324,0.4851506322405515,1
463,Janousek,37.7536,-122.2133,0.45647463798321614,0.45717775730544685,0.11501506066169362,0.38874666496146765,0.21887011048079819,0.45717775730544685,1
47,Janousek,48.201,-122.372,0.5290549969251254,0.8880197859913447,0.4143683388437102,0.2800694079798023,0.7470922314911341,0.8880197859913447,1
471,Janousek,37.5514,-122.2403,0.23904275662954985,0.40583510120394933,0.11754952986111954,0.14535628952408938,0.2178567483695903,0.40583510120394933,1
472,Janousek,37.5511,-122.2361,0.27326622669506107,0.42523852858666905,0.10813407915103615,0.17425727744045935,0.21400344773841484,0.42523852858666905,1
48,Janousek,48.2,-122.371,0.5197241259300774,0.862780430737678,0.4018455847045588,0.29209069406290417,0.7759840351405171,0.862780430737678,1
482,Janousek,38.00861,-122.48717,0.3408594026365032,0.531316360163094,0.23791511448920105,0.1919250549141051,0.37914969066709153,0.531316360163094,1
483,Janousek,38.01099,-122.48517,0.42582258678559487,0.5482856308513214,0.19611634018430027,0.2873650791460175,0.35064234182289966,0.5482856308513214,1
484,Janousek,38.00977,-122.48571,0.26946831661284737,0.4792397279736647,0.19175034638569077,0.15332833558530026,0.29544133285894153,0.4792397279736647,1
485,Janousek,38.01205,-122.50027,0.3745525174544609,0.5678692693110239,0.2026832710217057,0.2127820854328517,0.354674749946084,0.5678692693110239,1
486,Janousek,38.01538,-122.49852,0.40729669040933003,0.570823459641577,0.23182533214332135,0.26458099343020886,0.36273594785879626,0.570823459641577,1
487,Janousek,38.01387,-122.49944,0.32890393930975986,0.5408955760150816,0.18069928337254706,0.18609496124315283,0.3285734382999537,0.5408955760150816,1
49,Janousek,48.201,-122.373,0.5557298556144026,0.8495327981735696,0.3788501259195991,0.3305054906956407,0.6145819236760817,0.8495327981735696,1
494,Janousek,38.19396,-122.32321,0.313688828647019,0.5284708598713248,0.13339508300318245,0.19457398090933323,0.2788645052772498,0.5284708598713248,1
495,Janousek,38.19611,-122.32103,0.36714755227835905,0.5247700810904921,0.16827582985366393,0.2541835267468806,0.31933248876336784,0.5247700810904921,1
496,Janousek,38.1948,-122.32229,0.2967202502167625,0.5136229345301676,0.12775531249895702,0.18052225504846373,0.2819585320642847,0.5136229345301676,1
497,Janousek,38.19241,-122.32333,0.30432408432104613,0.5124283618133737,0.12742138764163374,0.1856665117704681,0.2851036637892056,0.5124283618133737,1
498,Janousek,38.18979,-122.32291,0.3096817643058134,0.5271102317482798,0.1569269885492366,0.18232807554343022,0.2929900004248466,0.5271102317482798,1
499,Janousek,38.19595,-122.32569,0.2946597177719644,0.5170696993744808,0.1519427465019135,0.17349749596227002,0.2970979789528611,0.5170696993744808,1
5,Janousek,38.2023,-122.0285,0.22492031454700767,0.39309508737309923,0.08129838718141422,0.14889656311998317,0.3009060197413966,0.39309508737309923,1
50,Janousek,48.201,-122.373,0.5557298556144026,0.8495327981735696,0.3788501259195991,0.3305054906956407,0.6145819236760817,0.8495327981735696,1
500,Janousek,38.1986,-122.32366,0.3815042004969257,0.5280621152615856,0.16187507672759383,0.2749609622313053,0.3142660300167638,0.5280621152615856,1
501,Janousek,38.19781,-122.32535,0.2978396321186735,0.493057722315634,0.13347829128574545,0.18748990472364369,0.278945184384511,0.493057722315634,1
502,Janousek,38.18946,-122.32067,0.2854486610294647,0.48597168822665227,0.14444561554290053,0.1809217987971548,0.274648886952983,0.48597168822665227,1
503,Janousek,38.18654,-122.31923,0.3797256524121462,0.5576095829333161,0.15551009839535038,0.25837658512258244,0.2982618931043523,0.5576095829333161,1
504,Janousek,38.18762,-122.31982,0.2782760849687348,0.4925632790365771,0.13800694817243722,0.17197782753020038,0.27792098554369177,0.4925632790365771,1
51,Janousek,48.217,-122.37,0.5092094328598961,0.8622228121297478,0.4237920995417678,0.2815694656661927,0.7689968066335544,0.8622228121297478,1
511,Janousek,38.17819,-122.55355,0.21506865044025178,0.433780823411371,0.15801156089761828,0.11684470390245925,0.2751286316409507,0.433780823411371,1
512,Janousek,38.17971,-122.54304,0.31251541311927733,0.5080690835635823,0.17789236754394452,0.20240008606919022,0.30956915829316967,0.5080690835635823,1
513,Janousek,38.17855,-122.54968,0.23796037864368275,0.4458268952387798,0.14319983568967523,0.1331765006395384,0.292338065893879,0.4458268952387798,1
514,Janousek,38.16315,-122.55443,0.2503633093035227,0.44977708234784514,0.13414317350055482,0.14399761752358228,0.2689091770229815,0.44977708234784514,1
515,Janousek,38.15877,-122.55368,0.33537444481413115,0.48337128394674306,0.10485312947808363,0.23774208062118427,0.26633197725748753,0.48337128394674306,1
516,Janousek,38.16128,-122.55406,0.257670519214121,0.4609951029234391,0.14977973376914153,0.14697053247931735,0.27325515552578356,0.4609951029234391,1
517,Janousek,38.19149,-122.01363,0.2583345596039424,0.4415101375638705,0.07906306796406376,0.17688035538914876,0.2971118386673449,0.4415101375638705,1
518,Janousek,38.18954,-122.01191,0.30835807407916915,0.48212988561737014,0.07539403060650188,0.21103654197695074,0.29336179095527226,0.48212988561737014,1
519,Janousek,38.19053,-122.01279,0.23198471518208663,0.4132642658359848,0.08294011963677496,0.16436813767522368,0.2887368457023098,0.4132642658359848,1
52,Janousek,48.217,-122.37,0.5092094328598961,0.8622228121297478,0.4237920995417678,0.2815694656661927,0.7689968066335544,0.8622228121297478,1
520,Janousek,38.20234,-122.03694,0.20529212570964056,0.3845055754415753,0.06255365762967188,0.12278646081287975,0.27822333538998184,0.3845055754415753,1
521,Janousek,38.20242,-122.03942,0.2547927719238155,0.3956979219988953,0.06492296277932816,0.17188539326642732,0.28445062946290667,0.3956979219988953,1
522,Janousek,38.20225,-122.03844,0.19444490098654973,0.37765489214019377,0.05135666103319088,0.09703148542087076,0.24843634056146313,0.37765489214019377,1
53,Janousek,48.216,-122.37,0.5117006650029429,0.8594136385967185,0.41700101951679713,0.28524481384868344,0.7307493850719365,0.8594136385967185,1
54,Janousek,48.216,-122.37,0.5117006650029429,0.8594136385967185,0.41700101951679713,0.28524481384868344,0.7307493850719365,0.8594136385967185,1
569,Janousek,43.31959,-124.33137,0.5158873046271325,0.6053756615735805,0.5121177806272228,0.37434165198986347,0.5591819921274577,0.6053756615735805,1
570,Janousek,43.28313,-124.32325,0.6244690929120851,0.7875348156874143,0.41697581772476894,0.4187704367573268,0.6703998373356819,0.7875348156874143,1
571,Janousek,48.48658,-122.5175,0.8591487272334666,0.5027411364548712,0.3167782656382322,0.9630684411428306,0.28720517336239465,0.9630684411428306,3
572,Janousek,48.48658,-122.5175,0.8591487272334666,0.5027411364548712,0.3167782656382322,0.9630684411428306,0.28720517336239465,0.9630684411428306,3
573,Janousek,48.5044,-122.5263,0.8544447525069885,0.4938143252545263,0.3377792414279898,0.9724548908891418,0.28776400075307035,0.9724548908891418,3
574,Janousek,48.5044,-122.5263,0.8544447525069885,0.4938143252545263,0.3377792414279898,0.9724548908891418,0.28776400075307035,0.9724548908891418,3
575,Janousek,48.54827,-122.55461,0.8214642702653706,0.42547605576396613,0.2924909594531291,0.9747691285732887,0.2155572795315213,0.9747691285732887,3
576,Janousek,48.54828,-122.55461,0.8214642702653706,0.42547605576396613,0.2924909594531291,0.9747691285732887,0.2155572795315213,0.9747691285732887,3
577,Janousek,48.56236,-122.5162,0.8881331205714841,0.5043105426356194,0.3038108665828212,0.9750151734771537,0.2827659192174263,0.9750151734771537,3
578,Janousek,48.559,-122.5083,0.8787882957541253,0.5014072780546933,0.2798600224687128,0.9586485905302848,0.25498175982097276,0.9586485905302848,3
579,Janousek,48.57888,-122.5406,0.8761879794157937,0.5081098101938782,0.3019901321466368,0.9714346078926698,0.28521436433491837,0.9714346078926698,3
580,Janousek,48.57913,-122.5406,0.8620399687918865,0.4657169483341728,0.29544315356998585,0.9826902981890362,0.2556969997829317,0.9826902981890362,3
581,Janousek,48.59956,-122.50273,0.8086261646181764,0.3914127932447581,0.2837290696175853,0.9775498318791428,0.18100119698292924,0.9775498318791428,3
582,Janousek,48.59234,-122.50273,0.8120669952409971,0.3973696226187476,0.28403010172251836,0.9779552217452616,0.18390033453094737,0.9779552217452616,3
583,Janousek,48.35107,-122.534,0.84576543494753,0.43325711230246516,0.2694693849909406,0.9574786229235256,0.20751283436287446,0.9574786229235256,3
584,Janousek,48.35107,-122.534,0.84576543494753,0.43325711230246516,0.2694693849909406,0.9574786229235256,0.20751283436287446,0.9574786229235256,3
585,Janousek,48.32825,-122.50154,0.8162045655919974,0.3885984716175573,0.25214090793335303,0.9702901223040683,0.16781654272731186,0.9702901223040683,3
586,Janousek,48.32825,-122.50154,0.8162045655919974,0.3885984716175573,0.25214090793335303,0.9702901223040683,0.16781654272731186,0.9702901223040683,3
587,Janousek,48.30213,-122.44812,0.8182421808710696,0.39621566359300153,0.26219558083798755,0.9686292694833759,0.17946734366973277,0.9686292694833759,3
588,Janousek,48.30213,-122.44812,0.8182421808710696,0.39621566359300153,0.26219558083798755,0.9686292694833759,0.17946734366973277,0.9686292694833759,3
589,Janousek,48.2777,-122.46978,0.8174584458854267,0.39438758769660254,0.27703791053823845,0.9744022683613736,0.18522581944303912,0.9744022683613736,3
590,Janousek,48.2777,-122.46978,0.8174584458854267,0.39438758769660254,0.27703791053823845,0.9744022683613736,0.18522581944303912,0.9744022683613736,3
599,Janousek,38.11,-122.86,0.7605081807597396,0.30560193132299296,0.09515659559075733,0.8904510419795268,0.08347657687603638,0.8904510419795268,3
6,Janousek,38.2016,-122.0284,0.2064550839076122,0.3680895390723222,0.06265227174924196,0.1261481549548096,0.2701811179062517,0.3680895390723222,1
602,Janousek,38.11,-122.86,0.7605081807597396,0.30560193132299296,0.09515659559075733,0.8904510419795268,0.08347657687603638,0.8904510419795268,3
603,Janousek,38.16,-122.9,0.7602744706059648,0.3238303870286455,0.11987446425262506,0.8931304544152814,0.09690123650538078,0.8931304544152814,3
604,Janousek,38.16,-122.9,0.7602744706059648,0.3238303870286455,0.11987446425262506,0.8931304544152814,0.09690123650538078,0.8931304544152814,3
605,Janousek,38.16,-122.9,0.7602744706059648,0.3238303870286455,0.11987446425262506,0.8931304544152814,0.09690123650538078,0.8931304544152814,3
606,Janousek,38.16,-122.9,0.7602744706059648,0.3238303870286455,0.11987446425262506,0.8931304544152814,0.09690123650538078,0.8931304544152814,3
607,Janousek,38.16,-122.9,0.7602744706059648,0.3238303870286455,0.11987446425262506,0.8931304544152814,0.09690123650538078,0.8931304544152814,3
608,Janousek,38.16,-122.9,0.7602744706059648,0.3238303870286455,0.11987446425262506,0.8931304544152814,0.09690123650538078,0.8931304544152814,3
609,Janousek,38.16,-122.9,0.7602744706059648,0.3238303870286455,0.11987446425262506,0.8931304544152814,0.09690123650538078,0.8931304544152814,3
610,Janousek,38.32,-123.05,0.7720026459713579,0.34082131539237465,0.13269225615842567,0.8764996095921208,0.11374230474596647,0.8764996095921208,3
614,Janousek,38.32,-123.05,0.7720026459713579,0.34082131539237465,0.13269225615842567,0.8764996095921208,0.11374230474596647,0.8764996095921208,3
615,Janousek,38.32,-123.05,0.7720026459713579,0.34082131539237465,0.13269225615842567,0.8764996095921208,0.11374230474596647,0.8764996095921208,3
617,Janousek,38.21,-122.94,0.7855548959698756,0.3770851630831112,0.13053436463857318,0.867133561279093,0.12015328207594579,0.867133561279093,3
618,Janousek,38.21,-122.94,0.7855548959698756,0.3770851630831112,0.13053436463857318,0.867133561279093,0.12015328207594579,0.867133561279093,3
619,Janousek,38.21,-122.94,0.7855548959698756,0.3770851630831112,0.13053436463857318,0.867133561279093,0.12015328207594579,0.867133561279093,3
620,Janousek,38.21,-122.94,0.7855548959698756,0.3770851630831112,0.13053436463857318,0.867133561279093,0.12015328207594579,0.867133561279093,3
63,Janousek,48.0444,-122.2048,0.8028279377880256,0.9285163235398167,0.43308449977570757,0.5594169405270897,0.6846393649642201,0.9285163235398167,1
635,Janousek,36.8182,-121.76552,0.43439988828551857,0.5448935929190702,0.1756366158253864,0.3250231195358091,0.2775855979101119,0.5448935929190702,1
636,Janousek,36.81745,-121.76419,0.38756171681401963,0.5078079253646266,0.15406201594138155,0.2652673801711668,0.2633143533105598,0.5078079253646266,1
637,Janousek,36.81294,-121.76804,0.4213626277980507,0.4621656449392204,0.09597931695802739,0.3007076016253082,0.23491939913776042,0.4621656449392204,1
638,Janousek,36.81749,-121.7642,0.3648845452777805,0.4996909289118718,0.16299107527767207,0.24470859373201506,0.27016977055877706,0.4996909289118718,1
64,Janousek,48.0444,-122.2048,0.8028279377880256,0.9285163235398167,0.43308449977570757,0.5594169405270897,0.6846393649642201,0.9285163235398167,1
644,Janousek,38.32317,-123.05144,0.7509119321521176,0.3415020821400371,0.15068767735444055,0.8767088535642005,0.12404126003225362,0.8767088535642005,3
645,Janousek,38.32315,-123.0516,0.7478841636237037,0.33711018025930695,0.144352522118647,0.879015743287706,0.11681837312637947,0.879015743287706,3
646,Janousek,38.32315,-123.0517,0.750868887116129,0.34015732468428755,0.14184432035088254,0.8803783157416625,0.11786639234828218,0.8803783157416625,3
647,Janousek,38.32315,-123.05181,0.750868887116129,0.34015732468428755,0.14184432035088254,0.8803783157416625,0.11786639234828218,0.8803783157416625,3
65,Janousek,48.0444,-122.2048,0.8028279377880256,0.9285163235398167,0.43308449977570757,0.5594169405270897,0.6846393649642201,0.9285163235398167,1
652,Janousek,38.31245,-123.05428,0.7638013338879982,0.3330682870232033,0.11169067881655229,0.8716705240625012,0.10234781455915617,0.8716705240625012,3
653,Janousek,38.31245,-123.05432,0.7638013338879982,0.3330682870232033,0.11169067881655229,0.8716705240625012,0.10234781455915617,0.8716705240625012,3
715,Janousek,43.4544,-124.2072,0.7362727770189494,0.7435211613307924,0.3518974785258815,0.6386518463776019,0.4690467932932501,0.7435211613307924,1
716,Janousek,43.2792,-124.3184,0.5448736900410326,0.7724217116852441,0.3871142339124796,0.3409882705598364,0.7322525259986972,0.7724217116852441,1
72,Janousek,48.0314,-122.1548,0.5311602887282084,0.7880812129549352,0.5807472234343465,0.34199673675154924,0.8080088683906516,0.8080088683906516,4
720,Janousek,49.0,-123.1,0.8790533118198235,0.5218093333766086,0.3416758600142515,0.9852157835474868,0.31648454664094955,0.9852157835474868,3
721,Janousek,49.0,-123.1,0.8790533118198235,0.5218093333766086,0.3416758600142515,0.9852157835474868,0.31648454664094955,0.9852157835474868,3
722,Janousek,49.0,-123.1,0.8790533118198235,0.5218093333766086,0.3416758600142515,0.9852157835474868,0.31648454664094955,0.9852157835474868,3
726,Janousek,44.61,-124.01,0.4139449620830206,0.5429778504950892,0.8219947568809418,0.34422147117770335,0.6436467112554718,0.8219947568809418,2
727,Janousek,44.61,-124.01,0.4139449620830206,0.5429778504950892,0.8219947568809418,0.34422147117770335,0.6436467112554718,0.8219947568809418,2
728,Janousek,44.61,-124.01,0.4139449620830206,0.5429778504950892,0.8219947568809418,0.34422147117770335,0.6436467112554718,0.8219947568809418,2
729,Janousek,38.32,-123.05,0.7720026459713579,0.34082131539237465,0.13269225615842567,0.8764996095921208,0.11374230474596647,0.8764996095921208,3
73,Janousek,48.0314,-122.1548,0.5311602887282084,0.7880812129549352,0.5807472234343465,0.34199673675154924,0.8080088683906516,0.8080088683906516,4
730,Janousek,38.32,-123.05,0.7720026459713579,0.34082131539237465,0.13269225615842567,0.8764996095921208,0.11374230474596647,0.8764996095921208,3
731,Janousek,38.32,-123.05,0.7720026459713579,0.34082131539237465,0.13269225615842567,0.8764996095921208,0.11374230474596647,0.8764996095921208,3
732,Janousek,37.95,-122.41,0.15885149675086666,0.19309731488034862,0.1509188557781288,0.09672398042928151,0.1933042979344697,0.1933042979344697,4
733,Janousek,37.95,-122.41,0.15885149675086666,0.19309731488034862,0.1509188557781288,0.09672398042928151,0.1933042979344697,0.1933042979344697,4
734,Janousek,37.95,-122.41,0.15885149675086666,0.19309731488034862,0.1509188557781288,0.09672398042928151,0.1933042979344697,0.1933042979344697,4
74,Janousek,48.0085,-122.1483,0.49065477892873144,0.8388283691566835,0.5575006434223411,0.2885534647928291,0.8049369919617418,0.8388283691566835,1
75,Janousek,48.0085,-122.1483,0.49065477892873144,0.8388283691566835,0.5575006434223411,0.2885534647928291,0.8049369919617418,0.8388283691566835,1
780,Janousek,47.522,-122.508,0.8215182560302253,0.4118782354752761,0.30285834641636433,0.9853673887438691,0.21392237939090383,0.9853673887438691,3
781,Janousek,47.522,-122.508,0.8215182560302253,0.4118782354752761,0.30285834641636433,0.9853673887438691,0.21392237939090383,0.9853673887438691,3
782,Janousek,47.522,-122.508,0.8215182560302253,0.4118782354752761,0.30285834641636433,0.9853673887438691,0.21392237939090383,0.9853673887438691,3
784,Janousek,47.334,-122.491,0.886637893541751,0.6269750572792844,0.31765833820331624,0.9110486672941878,0.3660939520375583,0.9110486672941878,3
785,Janousek,47.334,-122.491,0.886637893541751,0.6269750572792844,0.31765833820331624,0.9110486672941878,0.3660939520375583,0.9110486672941878,3
786,Janousek,43.3,-124.323,0.7820604361328403,0.8352964915714861,0.3666403180180898,0.5986337619851154,0.5114617019927903,0.8352964915714861,1
787,Janousek,43.3,-124.323,0.7820604361328403,0.8352964915714861,0.3666403180180898,0.5986337619851154,0.5114617019927903,0.8352964915714861,1
788,Janousek,43.3,-124.323,0.7820604361328403,0.8352964915714861,0.3666403180180898,0.5986337619851154,0.5114617019927903,0.8352964915714861,1
789,Janousek,43.3112,-124.32,0.27229019849033637,0.2994973399952352,0.7638205334979224,0.25678904727559815,0.44506419128590724,0.7638205334979224,2
790,Janousek,43.3112,-124.32,0.27229019849033637,0.2994973399952352,0.7638205334979224,0.25678904727559815,0.44506419128590724,0.7638205334979224,2
791,Janousek,43.3112,-124.32,0.27229019849033637,0.2994973399952352,0.7638205334979224,0.25678904727559815,0.44506419128590724,0.7638205334979224,2
8,Janousek,38.2035,-122.0274,0.22270413531141542,0.38083332457832547,0.07024194395297881,0.13766563892434952,0.3026471983873739,0.38083332457832547,1
810,Janousek,43.14239,-124.4035,0.47460341566888536,0.7435591932199077,0.30168383046226616,0.2897527476676379,0.6413161095008068,0.7435591932199077,1
811,Janousek,43.14011,-124.40222,0.45567432862825985,0.723176031849052,0.2880706211019218,0.28496986667061375,0.5936783470172668,0.723176031849052,1
812,Janousek,43.36711,-124.17011,0.5372372777702182,0.78453536279869,0.3252841845079613,0.3525298138139249,0.6653224364512844,0.78453536279869,1
813,Janousek,43.37111,-124.16991,0.4825814362489324,0.7522412354756423,0.3076710736666996,0.303533592336629,0.62746179776954,0.7522412354756423,1
814,Janousek,47.342,-123.143,0.5558642954597542,0.8942191144218109,0.46424566297084974,0.32839412628737136,0.7270398092066944,0.8942191144218109,1
815,Janousek,47.342,-123.143,0.5558642954597542,0.8942191144218109,0.46424566297084974,0.32839412628737136,0.7270398092066944,0.8942191144218109,1
816,Janousek,47.342,-123.143,0.5558642954597542,0.8942191144218109,0.46424566297084974,0.32839412628737136,0.7270398092066944,0.8942191144218109,1
817,Janousek,47.092,-122.694,0.5179034100110119,0.8584180337941578,0.37822687734883176,0.2824979635803999,0.7288901515492894,0.8584180337941578,1
818,Janousek,47.092,-122.694,0.5179034100110119,0.8584180337941578,0.37822687734883176,0.2824979635803999,0.7288901515492894,0.8584180337941578,1
822,Janousek,48.191,-122.365,0.650237644739062,0.850787936746111,0.37159316493132744,0.4369390505562425,0.5782558255426624,0.850787936746111,1
823,Janousek,48.191,-122.365,0.650237644739062,0.850787936746111,0.37159316493132744,0.4369390505562425,0.5782558255426624,0.850787936746111,1
831,Janousek,48.01323,-122.15087,0.49281988941243965,0.7556636280561018,0.667844734292724,0.31934372963462193,0.7853476165779988,0.7853476165779988,4
832,Janousek,43.36821,-124.18502,0.475549957384375,0.7183439484117381,0.31525110327293854,0.30900045490539485,0.6714700329973884,0.7183439484117381,1
861,Janousek,43.2728,-124.31897,0.4765242562510577,0.6947271899087598,0.35114038652973756,0.28963784756870986,0.7792499873995881,0.7792499873995881,4
862,Janousek,43.27281,-124.31943,0.43291134156903693,0.5484594609708744,0.40020123934027885,0.3078699289768963,0.6968054925403049,0.6968054925403049,4
875,Janousek,43.41875,-124.1906,0.5197234594742115,0.8040114969733748,0.3499565454893404,0.31178054679939116,0.6604551639721293,0.8040114969733748,1
876,Janousek,43.3724,-124.1721,0.508477160533551,0.7929032760817373,0.3221566427161177,0.31840281190754344,0.621775549452204,0.7929032760817373,1
879,Janousek,43.2833,-124.3233,0.674818753125153,0.7698317813410053,0.38828981059749074,0.5017250150162631,0.5989223526006326,0.7698317813410053,1
894,Janousek,43.13197,-124.40717,0.46013076665723635,0.697077204281642,0.2374444621725561,0.2845859884482192,0.5307177062625102,0.697077204281642,1
895,Janousek,43.14502,-124.3961,0.515848804951993,0.7853854587906443,0.3826088261817602,0.3188785856623523,0.7130063719162111,0.7853854587906443,1
9,Janousek,38.1996,-122.0278,0.2275696182968886,0.3774247322388997,0.05670014535297401,0.13316808816600262,0.2626384641265926,0.3774247322388997,1
904,Janousek,43.2828,-124.3233,0.5726928344646538,0.7114692349024748,0.44429406517599906,0.40145644284666415,0.623155721926784,0.7114692349024748,1
909,Janousek,48.28605,-122.38025,0.554189922846859,0.8762843225811312,0.4378797619481351,0.31849447046606527,0.7706324668661999,0.8762843225811312,1
91,Janousek,43.3456,-124.3188,0.8343015113589021,0.43898316360308437,0.22456751058817556,0.9502851112722244,0.18693046898002116,0.9502851112722244,3
910,Janousek,48.28772,-122.37695,0.5605063762490118,0.8484596939373475,0.4231624812106764,0.3291312951300523,0.7765671309244536,0.8484596939373475,1
92,Janousek,43.3457,-124.3187,0.8288729068234004,0.4347331771707467,0.22511078508093924,0.9508255739105248,0.18650423850649564,0.9508255739105248,3
920,Janousek,38.00779,-122.48864,0.37556002998195376,0.5484477458008207,0.21280286922374117,0.23620038973340324,0.3583615000557495,0.5484477458008207,1
921,Janousek,38.16838,-122.53346,0.3057708455695162,0.4984138115469738,0.15697837458490788,0.20569937280468695,0.30674520668226424,0.4984138115469738,1
922,Janousek,38.16539,-122.54506,0.24547756156550396,0.4551489241598482,0.1489414233223183,0.14096393977398095,0.24791723163207283,0.4551489241598482,1
923,Janousek,38.16413,-122.5532,0.26718410340090126,0.4723740710092211,0.1774012765858345,0.14840181407969671,0.2939177777249409,0.4723740710092211,1
924,Janousek,38.17745,-122.54313,0.2083492684079268,0.4161356013214938,0.13538957748828861,0.11734174585724098,0.25572449673722875,0.4161356013214938,1
925,Janousek,38.168,-122.5471,0.23717210850452566,0.43606532904273365,0.14847467029954797,0.14036000684701097,0.2587199849238703,0.43606532904273365,1
926,Janousek,38.16923,-122.533,0.2957284928576302,0.48799259638961556,0.16762107154569075,0.18826365374313198,0.2985156067696966,0.48799259638961556,1
927,Janousek,38.17255,-122.55645,0.2117383984549702,0.42517019535767075,0.14889450674030616,0.1128357549570167,0.2899899409035838,0.42517019535767075,1
928,Janousek,38.1347,-122.35987,0.2667521277644341,0.44434370626899666,0.10407745100768079,0.1592374849061777,0.20709862666961185,0.44434370626899666,1
929,Janousek,38.13321,-122.35091,0.601767821410026,0.42134906062861593,0.0024639698214172783,0.540421258006593,0.08496543800325665,0.601767821410026,0
93,Janousek,43.3458,-124.3185,0.8317428106774575,0.43552539717502703,0.22633902639201794,0.9519640405854414,0.19132947865758676,0.9519640405854414,3
94,Janousek,43.3459,-124.3183,0.8244495146285205,0.4324729019530241,0.24116240341356684,0.9521449076654127,0.18965515141539588,0.9521449076654127,3
95,Janousek,43.3458,-124.3182,0.8310634697189074,0.4376521504212903,0.22927799726917727,0.9511834011414156,0.19038030229491384,0.9511834011414156,3
958,Janousek,47.07525,-122.7068,0.32113078868276135,0.579612074596407,0.6088673117864855,0.20490724881968933,0.8682131689031435,0.8682131689031435,4
959,Janousek,47.07522,-122.7069,0.3003441429670994,0.5823986588870187,0.5971765084432215,0.17565654320082524,0.8686017105930038,0.8686017105930038,4
96,Janousek,43.3454,-124.3189,0.8261889315750529,0.43004411728436864,0.21884154959032906,0.948641312462279,0.17977377835271435,0.948641312462279,3
960,Janousek,47.07522,-122.7071,0.3113570568884994,0.5836052699657367,0.5606939396002947,0.1749825394637837,0.859080616892211,0.859080616892211,4
97,Janousek,44.6253,-124.0207,0.8452386413807786,0.43018438350931193,0.25302531854871635,0.9721794572779746,0.195901350803519,0.9721794572779746,3
98,Janousek,44.6253,-124.0208,0.8452386413807786,0.43018438350931193,0.25302531854871635,0.9721794572779746,0.195901350803519,0.9721794572779746,3
982,Janousek,36.8109,-121.7485,0.42094410351015427,0.48416014386740863,0.1319143792078121,0.315681705807044,0.24553334581089933,0.48416014386740863,1
983,Janousek,36.8498,-121.7581,0.42796757324961915,0.5479706370227998,0.16959318936073303,0.2938854332810057,0.2902934509009546,0.5479706370227998,1
984,Janousek,36.7959,-121.788,0.3564988804538983,0.44481195031540344,0.11622446085607528,0.2575486733654186,0.28846991423965374,0.44481195031540344,1
988,Janousek,36.7376,-121.7984,0.31125170685423936,0.4594126637365481,0.11698821005667902,0.20723495662044883,0.26374844218200016,0.4594126637365481,1
989,Janousek,35.3468,-120.8344,0.3012566028726413,0.4598935592853706,0.1383682645567886,0.19691246379443267,0.3124372657535932,0.4598935592853706,1
99,Janousek,44.6254,-124.021,0.844409136552213,0.4292165916043644,0.24934238975459733,0.9715168582313378,0.20024218863747212,0.9715168582313378,3
990,Janousek,35.3468,-120.834,0.3898878961873943,0.5080524828709005,0.15375719125432405,0.3060167868183949,0.2867500331162196,0.5080524828709005,1
991,Janousek,35.3224,-120.8416,0.35856029555124874,0.4569152170395074,0.19554688271562737,0.27656737289889566,0.28720414834121333,0.4569152170395074,1
992,Janousek,35.3224,-120.8418,0.3972052118279257,0.4761904113252027,0.18250937031270703,0.3181921824164953,0.2738197738298536,0.4761904113252027,1
