profile_id,dataset,latitude,longitude,total_depth_cm,n_layers,sum_OrgC_Stock_kgm2,mean_BDOD,mean_OrgC_pct,country_name,year
1,Janousek,38.2031,-122.027,30,5,14.758125,0.42,12.280000000000001,NA,NA
10,Janousek,38.2,-122.0276,30,5,10.7935,0.352,9.855,NA,NA
100,Janousek,44.6254,-124.0213,100,4,10.5715,1.1725,0.875,NA,NA
1002,Janousek,40.8023,-124.1798,30,12,5.8045,2.3433333333333333,0.8833333333333333,NA,NA
1003,Janousek,40.8023,-124.1815,30,13,4.2208,1.0269230769230768,1.5115384615384615,NA,NA
1004,Janousek,40.8019,-124.1807,30,15,7.340599999999999,2.444,1.0766666666666667,NA,NA
1005,Janousek,40.8022,-124.1808,50,22,11.457,1.1854545454545455,2.0204545454545455,NA,NA
1006,Janousek,40.8023,-124.1815,50,25,8.801,1.1012,1.602,NA,NA
1007,Janousek,40.8019,-124.1806,30,15,8.46,1.8753333333333333,1.5066666666666666,NA,NA
1008,Janousek,40.8023,-124.1815,50,24,15.2586,1.2183333333333333,2.5125,NA,NA
1009,Janousek,43.3258,-124.3257,100,86,20.623,1.0072093023255815,2.05,NA,NA
101,Janousek,44.6255,-124.0215,100,4,10.536000000000001,1.2574999999999998,0.85,NA,NA
1010,Janousek,43.452,-124.2018,100.5,53,31.01565,0.9539622641509434,3.1528301886792454,NA,NA
1011,Janousek,38.19184,-122.31713,100,8,40.55775,0.7324999999999999,6.2,NA,NA
1012,Janousek,38.19084,-122.31988,100,8,35.9265,0.365,11.40625,NA,NA
1013,Janousek,38.19654,-122.32138,100,8,35.2555,0.7949999999999999,5.25625,NA,NA
1014,Janousek,38.1962,-122.3218,100,8,39.7065,0.725,5.75,NA,NA
1015,Janousek,38.1961,-122.32215,100,8,31.461499999999997,0.435,7.5,NA,NA
1016,Janousek,38.19595,-122.3229,100,8,36.13475,0.46875,8.6,NA,NA
1017,Janousek,38.19966,-122.02824,100,8,44.753,0.53875,8.08125,NA,NA
1018,Janousek,38.19993,-122.02876,100,8,48.874,0.27625,20.88125,NA,NA
1019,Janousek,38.19686,-122.02886,100,8,39.41925,0.6175,6.3,NA,NA
102,Janousek,44.6256,-124.0218,100,4,11.456,1.205,0.95,NA,NA
1020,Janousek,38.19712,-122.02848,100,8,43.839499999999994,0.375,13.40625,NA,NA
1021,Janousek,38.19737,-122.02811,100,8,50.5905,0.47625,11.03125,NA,NA
1022,Janousek,38.19745,-122.02761,100,8,60.239,0.5075000000000001,13.125,NA,NA
1023,Janousek,37.9464,-122.41946,100,22,14.13015,1.376818181818182,1.0238636363636364,NA,NA
1024,Janousek,37.94484,-122.41429,54,13,8.0382,1.3592307692307692,1.0942307692307691,NA,NA
1025,Janousek,37.94499,-122.4144,98,21,12.7734,1.328095238095238,1.0083333333333333,NA,NA
1026,Janousek,38.00715,-122.48381,100,8,42.015,0.6375,7.6625,NA,NA
1027,Janousek,59.77316,-151.86098,61,8,16.23375,0.99625,4.04375,NA,NA
1028,Janousek,59.77322,-151.86127,50,7,16.60075,0.8342857142857143,5.042857142857143,NA,NA
1029,Janousek,59.7733,-151.86189,101,10,42.431999999999995,0.826,5.445,NA,NA
103,Janousek,48.5478,-122.5098,100,4,7.395999999999999,1.39,0.475,NA,NA
1030,Janousek,59.77335,-151.86243,50,7,19.17425,0.5700000000000001,7.042857142857143,NA,NA
1031,Janousek,59.77356,-151.86311,57,7,19.841199999999997,0.9257142857142857,4.764285714285714,NA,NA
1032,Janousek,59.77411,-151.86417,57,8,24.1401,0.795,5.05625,NA,NA
1033,Janousek,59.77425,-151.86536,50,7,23.12825,0.6128571428571429,7.45,NA,NA
1034,Janousek,59.64005,-151.53116,100,10,46.9977,1.24,3.435,NA,NA
1035,Janousek,59.64043,-151.53098,50,8,34.9445,0.675,10.325,NA,NA
1036,Janousek,59.64074,-151.53076,102,8,54.901650000000004,0.71875,7.775,NA,NA
1037,Janousek,59.63765,-151.5278,100,9,45.5515,1.3455555555555556,3.4722222222222223,NA,NA
1038,Janousek,59.63757,-151.52858,45,6,21.59255,1.5216666666666667,3.125,NA,NA
1039,Janousek,59.63845,-151.52937,100,10,107.241,1.456,6.535,NA,NA
104,Janousek,48.5479,-122.51,100,4,4.1265,1.49,0.3,NA,NA
1040,Janousek,59.64056,-151.5361,103,10,56.64405,0.752,8.525,NA,NA
1041,Janousek,59.64109,-151.5356,55,8,23.1706,1.13625,3.9625,NA,NA
1042,Janousek,59.55557,-151.30379,30,5,11.29675,1.336,3.19,NA,NA
1044,Janousek,59.55116,-151.30472,30,6,9.883000000000001,1.1066666666666667,4.95,NA,NA
1049,Janousek,59.5563,-151.31259,31,5,12.477949999999998,1.16,3.8,NA,NA
105,Janousek,48.5479,-122.5102,100,4,4.849,1.45,0.35,NA,NA
1050,Janousek,59.55622,-151.31404,30,5,9.79575,1.1199999999999999,2.85,NA,NA
1051,Janousek,37.5514,-122.2383,102,13,20.2346,0.5292307692307692,3.9923076923076923,NA,NA
1052,Janousek,37.4578,-121.9764,104,13,15.338899999999999,0.4776923076923077,3.1538461538461537,NA,NA
1054,Janousek,45.37,-123.966,109,4,22.6449,0.45,5.7875000000000005,NA,NA
1055,Janousek,45.369,-123.966,115,4,68.2075,0.7224999999999999,9.875,NA,NA
1056,Janousek,45.37,-123.96,112,4,46.3719,0.53,9.799999999999999,NA,NA
1057,Janousek,45.37,-123.964,106,4,31.200499999999998,0.5625,6.55,NA,NA
1058,Janousek,45.375,-123.964,104,5,29.9563,0.626,4.66,NA,NA
1059,Janousek,45.367,-123.965,109,4,31.58875,0.5875,6.6625000000000005,NA,NA
106,Janousek,48.5479,-122.5105,100,4,4.0445,1.45,0.325,NA,NA
1060,Janousek,38.167,-122.5513,101,101,29.9469,0.3940594059405941,9.586138613861387,NA,NA
1061,Janousek,37.45827,-121.97655,100,100,30.73235,0.6291,4.9685,NA,NA
1062,Janousek,38.0386,-121.8648,100,100,48.9014,0.1618,33.153,NA,NA
1063,Janousek,49.05003,-123.03683,50.05,35,12.978465499999999,0.5757142857142857,8.5,NA,NA
1064,Janousek,49.05031,-123.03469,50,27,21.768890000000003,0.5948148148148148,13.001851851851852,NA,NA
1065,Janousek,49.048,-123.04686,50,26,15.489329999999999,0.5957692307692307,9.726923076923077,NA,NA
1066,Janousek,49.04725,-123.04589,100,27,68.6357,0.3214814814814815,24.124074074074073,NA,NA
1067,Janousek,49.04697,-123.04689,50.18,26,26.094178999999997,0.42,13.475,NA,NA
1068,Janousek,49.04811,-123.04428,30,22,13.5741875,0.5959090909090909,10.627272727272727,NA,NA
1069,Janousek,49.04878,-123.04572,30,22,10.975950000000001,0.53,11.845454545454546,NA,NA
107,Janousek,48.5479,-122.5108,100,4,4.9055,1.4024999999999999,0.325,NA,NA
1070,Janousek,49.04656,-123.04444,30,24,5.48355,0.9416666666666667,2.0770833333333334,NA,NA
1071,Janousek,49.04753,-123.04361,30,17,8.777735999999999,0.7058823529411765,7.1235294117647054,NA,NA
1072,Janousek,49.04658,-123.04183,50,30,10.253255999999999,0.7836666666666666,5.003333333333333,NA,NA
1073,Janousek,49.03,-123.0435,50,30,17.5397125,0.5453333333333333,8.645,NA,NA
1074,Janousek,49.04339,-123.04869,55,10,37.79725,0.527,24.105,NA,NA
1075,Janousek,24.8717,-111.9941,100,4,10.9924,1.5375,0.675,NA,NA
1076,Janousek,24.8407,-112.0291,100,5,13.724400000000001,0.808,2.12,NA,NA
1077,Janousek,25.2347,-112.0804,109.5,7,38.91075,0.7357142857142858,6.614285714285714,NA,NA
1078,Janousek,26.7751,-113.6586,138,4,13.975900000000001,0.8175,2,NA,NA
1079,Janousek,26.8066,-113.4789,111.5,4,21.1181,0.9175,2.95,NA,NA
108,Janousek,48.5479,-122.511,100,4,4.2135,1.46,0.325,NA,NA
1080,Janousek,32.795,-117.23,107.5,5,20.351,0.84,2.6,NA,NA
1081,Janousek,32.793,-117.227,107.5,5,9.885,1.044,0.9,NA,NA
1082,Janousek,32.9779,-117.26862,50,3,7.0992,1.16,1.1,NA,NA
1083,Janousek,32.978,-117.26862,50,4,8.8802,0.9975,4.125,NA,NA
1084,Janousek,32.97809,-117.26861,100,7,17.28745,0.77,3.928571428571429,NA,NA
1085,Janousek,32.97816,-117.26854,50,4,5.1295,0.9725,4.95,NA,NA
1086,Janousek,32.97828,-117.26859,50,4,5.819299999999999,0.8775,4.475,NA,NA
1087,Janousek,32.97838,-117.26859,50,3,4.47525,1.2233333333333334,0.7,NA,NA
1088,Janousek,32.97846,-117.26855,50,5,5.5368,1.1520000000000001,0.9,NA,NA
1089,Janousek,32.97851,-117.26855,50,4,5.774750000000001,1.1625,0.85,NA,NA
109,Janousek,48.3318,-122.4177,100,4,19.581,0.605,3.3,NA,NA
1090,Janousek,21.76147,-105.47792,115,3,12.543,1.5933333333333333,0.7,NA,NA
1091,Janousek,21.76094,-105.47828,120,3,16.688,1.2966666666666666,1.0666666666666667,NA,NA
1092,Janousek,21.76853,-105.46744,120,4,21.3216,1.6625,0.9249999999999999,NA,NA
1093,Janousek,15.06514,-92.75089,105,5,93.303,0.5619999999999999,20.02,NA,NA
1094,Janousek,15.06903,-92.75783,105,3,21.7715,0.9533333333333334,3.7666666666666666,NA,NA
1095,Janousek,15.20406,-92.81297,185,4,16.837999999999997,1.1824999999999999,1.9,NA,NA
1096,Janousek,15.05947,-92.74511,135,4,74.01650000000001,1.135,12.649999999999999,NA,NA
1097,Janousek,43.73521,-124.11925,101,77,31.469725,0.9631168831168831,3.9503246753246755,NA,NA
1099,Janousek,43.69833,-123.99628,102,69,21.247475,0.957391304347826,2.7804347826086957,NA,NA
11,Janousek,38.2007,-122.0285,30,5,12.255625,0.244,17.23,NA,NA
110,Janousek,48.3319,-122.4176,100,4,20.107499999999998,0.48,4.6,NA,NA
1100,Janousek,40.68531,-124.27169,111,47,43.934375,0.91,5.884042553191489,NA,NA
1101,Janousek,40.62911,-124.31381,101,47,17.70585,1.117872340425532,2.1287234042553194,NA,NA
1102,Janousek,40.63481,-124.26786,100.5,104,21.4569875,1.3303846153846153,1.7286057692307693,NA,NA
1103,Janousek,30.45514,-116.02961,50,25,14.1402,0.9144,3.187,NA,NA
1104,Janousek,30.46704,-115.97685,48,24,19.3118,0.4275,10.754166666666666,NA,NA
1105,Janousek,30.45512,-116.03055,50,25,14.9135,0.5688,6.148,NA,NA
1106,Janousek,30.46194,-115.94866,50,50,18.62995,0.6036,6.3135,NA,NA
1107,Janousek,30.46092,-115.94707,50,17,22.875700000000002,0.4535294117647059,10.385294117647058,NA,NA
1108,Janousek,30.42396,-115.94191,50,25,10.1375,1.3832,1.948,NA,NA
1109,Janousek,30.50595,-115.997,50,25,19.134900000000002,0.4796,8.482,NA,NA
111,Janousek,48.3321,-122.4174,100,4,19.5835,0.6225,3.125,NA,NA
1110,Janousek,30.50995,-115.98969,50,25,18.7265,0.4524,9.928,NA,NA
1111,Janousek,30.49848,-116.00033,50,25,22.5075,0.4456,11.927999999999999,NA,NA
1112,Janousek,30.49914,-115.97571,50,21,15.311200000000001,0.6976190476190476,5.961904761904762,NA,NA
1113,Janousek,30.49443,-115.98087,50,25,22.47715,0.448,10.219,NA,NA
1114,Janousek,30.469,-115.97857,50,25,11.452399999999999,0.6068,5.172,NA,NA
1115,Janousek,30.42667,-115.97639,102,30,3.7990500000000003,1.461,0.31,NA,NA
1116,Janousek,30.45083,-115.99528,51,31,6.805275,1.57,0.8564516129032258,NA,NA
1117,Janousek,30.495,-115.995,103,31,7.256,1.4422580645161291,0.6362903225806452,NA,NA
1118,Janousek,34.107,-119.08927,50,20,8.5901,0.801,2.12,NA,NA
1119,Janousek,34.10627,-119.08993,50,21,11.2034,0.9328571428571428,2.7523809523809524,NA,NA
112,Janousek,48.3323,-122.4173,100,4,24.5685,0.4425,5.8500000000000005,NA,NA
1120,Janousek,34.10512,-119.0904,50,22,10.279,0.7977272727272727,2.8045454545454547,NA,NA
1121,Janousek,34.09917,-119.0807,50,22,9.279300000000001,1.0536363636363637,3.265909090909091,NA,NA
1122,Janousek,34.0987,-119.081,50,20,11.5371,0.9400000000000001,3.7475,NA,NA
1123,Janousek,34.09842,-119.08142,50,21,9.3757,0.9928571428571429,3.045238095238095,NA,NA
113,Janousek,48.3324,-122.4172,100,4,24.113,0.5125,5.3,NA,NA
1130,Janousek,32.57582,-117.12968,50,25,10.5447,0.5256,4.146,NA,NA
1131,Janousek,32.57512,-117.1282,50,24,12.8837,0.5470833333333334,5.495833333333334,NA,NA
1132,Janousek,32.56895,-117.13143,50,21,12.7659,0.5109523809523809,5.29047619047619,NA,NA
1133,Janousek,32.57222,-117.13038,50,25,13.6549,0.6032,4.934,NA,NA
1134,Janousek,32.56078,-117.12851,50,20,11.4917,1.0855,4.1625,NA,NA
1135,Janousek,32.56208,-117.12733,50,18,10.6475,1.373888888888889,3.897222222222222,NA,NA
1139,Janousek,34.40257,-119.5344,50,23,12.3499,0.7143478260869566,4.497826086956522,NA,NA
114,Janousek,48.3326,-122.417,100,4,23.0475,0.49,5.1,NA,NA
1140,Janousek,34.40207,-119.536,50,25,13.2932,0.5828,5.236,NA,NA
1141,Janousek,34.3988,-119.5356,50,25,14.8145,0.764,4.006,NA,NA
1142,Janousek,34.40093,-119.53897,50,25,15.052800000000001,0.7916,4.19,NA,NA
1143,Janousek,34.40275,-119.54217,50,21,5.3884,1.2028571428571428,2.557142857142857,NA,NA
1144,Janousek,34.40437,-119.54443,50,25,11.4391,1.164,2.894,NA,NA
1148,Janousek,30.45444,-116.02417,100,61,31.122700000000002,0.3521311475409836,11.393032786885247,NA,NA
1149,Janousek,30.43611,-116.01611,100,60,38.419,0.31133333333333335,13.23125,NA,NA
115,Janousek,43.3196,-124.3313,100,4,39.3435,0.385,11.9,NA,NA
1150,Janousek,30.43833,-116.01194,50,50,6.0254,1.3094,0.939,NA,NA
1151,Janousek,30.45,-116.01722,60,52,9.63135,1.0921153846153846,1.625,NA,NA
1153,Janousek,38.31345,-123.05528,30,11,17.3517,1.0163636363636364,5.890909090909091,NA,NA
1154,Janousek,38.31145,-123.05628,30,11,2.7043,1.009090909090909,0.9,NA,NA
1155,Janousek,38.32145,-123.05328,30,11,19.0366,1.0754545454545454,5.463636363636364,NA,NA
1156,Janousek,38.3119,-123.05432,30,11,2.5963,1.0572727272727274,0.8681818181818182,NA,NA
116,Janousek,43.3195,-124.3315,100,4,36.475,0.3375,12.425,NA,NA
1162,Janousek,38.31245,-123.05432,30,11,1.633,1.0554545454545454,0.5409090909090909,NA,NA
1164,Janousek,37.9186,-122.688,100,8,16.379625,0.8312499999999999,3.1468749999999996,NA,NA
1165,Janousek,37.9185,-122.6876,100,8,19.432125,0.71625,3.209375,NA,NA
1166,Janousek,38.20002,-122.03369,100,8,25.075,0.49374999999999997,6.04375,NA,NA
1167,Janousek,38.20014,-122.02914,100,8,35.008375,0.19375,19.484375,NA,NA
1168,Janousek,38.03809,-121.86569,100,8,28.44025,0.24625,12.175,NA,NA
1169,Janousek,38.03787,-121.86625,100,8,31.3010625,0.1575,22.15625,NA,NA
117,Janousek,43.3194,-124.3317,100,4,27.403000000000002,0.585,4.95,NA,NA
1170,Janousek,38.11502,-122.47405,100,8,10.020937499999999,0.65375,1.6468749999999999,NA,NA
1171,Janousek,38.11616,-122.47442,100,8,12.02675,0.67,1.93125,NA,NA
1172,Janousek,38.23562,-121.66638,100,7,14.6590625,0.4971428571428571,3.310714285714286,NA,NA
1173,Janousek,38.23413,-121.67166,100,8,23.7685,0.54,4.978125,NA,NA
1174,Janousek,38.18989,-122.55004,100,8,13.803187500000002,0.65875,2.0875,NA,NA
1175,Janousek,38.19091,-122.55017,100,7,18.50975,0.2885714285714286,6.964285714285714,NA,NA
118,Janousek,43.3194,-124.332,100,4,27.1685,0.725,4.15,NA,NA
1183,Janousek,46.90076,-123.99249,50,25,22.4539,0.668,9.888,NA,NA
1184,Janousek,46.90092,-123.99227,52.800000000000004,24,21.56748,0.56375,8.10625,NA,NA
1185,Janousek,46.89161,-123.98713,50.400000000000006,24,23.089395000000003,0.7941666666666667,6.620833333333334,NA,NA
1186,Janousek,46.89159,-123.98741,50,25,27.439600000000002,0.6452,13.086,NA,NA
1187,Janousek,46.88344,-123.96451,52.5,25,27.395025,0.436,13.831999999999999,NA,NA
1188,Janousek,46.88339,-123.96458,50,25,26.7306,0.5876,10.846,NA,NA
1189,Janousek,46.88284,-123.9659,50.400000000000006,24,22.019235000000002,0.36125,13.10625,NA,NA
119,Janousek,43.3193,-124.3322,100,4,31.6525,0.485,7.5,NA,NA
1190,Janousek,46.88284,-123.96569,50.6,23,24.92556,0.33695652173913043,17.495652173913044,NA,NA
1197,Janousek,48.30151,-122.35994,50.6,23,13.238500000000002,0.4830434782608696,5.671739130434783,NA,NA
1198,Janousek,48.30149,-122.35986,50.400000000000006,24,14.433720000000001,0.48583333333333334,6.229166666666667,NA,NA
12,Janousek,38.2004,-122.0293,30,5,14.940875,0.212,23.115,NA,NA
120,Janousek,43.3192,-124.3324,100,4,33.028,0.5349999999999999,7.2,NA,NA
1201,Janousek,48.317,-122.347,51.91,25,14.91602,0.9712,3.52,NA,NA
1203,Janousek,48.33319,-122.41499,50.400000000000006,24,14.542815000000001,0.4395833333333333,6.65,NA,NA
1204,Janousek,48.3334,-122.41499,50.400000000000006,24,14.451780000000001,0.4920833333333333,5.94375,NA,NA
1207,Janousek,48.45395,-122.47317,52.5,25,17.792775000000002,0.3528,10.152,NA,NA
1208,Janousek,48.45398,-122.47303,50.400000000000006,24,14.875245000000001,0.3775,7.820833333333334,NA,NA
121,Janousek,43.3682,-124.185,100,4,36.634,0.3025,11.15,NA,NA
1213,Janousek,23.1526,-106.3341,54,54,26.810225,0.5305555555555556,9.425462962962962,NA,NA
1214,Janousek,23.1522,-106.3333,100,85,37.2858,0.699764705882353,6.928823529411765,NA,NA
1215,Janousek,23.1554,-106.3268,100,77,46.559,0.3631168831168831,14.041883116883117,NA,NA
1216,Janousek,23.1551,-106.3263,50,50,23.618775,0.5512,8.586,NA,NA
122,Janousek,43.3684,-124.185,100,4,31.3085,0.39,8.075,NA,NA
1229,Janousek,48.519,-122.506,50,16,4.8184000000000005,1.335,0.71875,NA,NA
123,Janousek,43.3686,-124.1849,100,4,39.2745,0.35,11.125,NA,NA
1230,Janousek,48.519,-122.506,50,16,5.5553,1.25875,0.878125,NA,NA
1231,Janousek,48.519,-122.506,50,16,4.79445,1.323125,0.728125,NA,NA
1232,Janousek,48.519,-122.506,50,16,4.45565,1.31875,0.671875,NA,NA
1233,Janousek,48.519,-122.506,100,21,9.33145,1.312857142857143,0.7738095238095238,NA,NA
1234,Janousek,48.519,-122.506,50,16,4.773700000000001,1.318125,0.746875,NA,NA
1235,Janousek,48.519,-122.506,50,16,6.2546,1.19,1.003125,NA,NA
1236,Janousek,48.519,-122.506,100,20,13.84295,1.2405,1.07,NA,NA
1237,Janousek,48.519,-122.506,30,12,3.44395,1.365,0.9541666666666667,NA,NA
1238,Janousek,48.519,-122.506,100,21,11.43835,1.3157142857142858,1.1428571428571428,NA,NA
1239,Janousek,48.519,-122.506,100,21,15.731100000000001,1.1890476190476191,1.3595238095238096,NA,NA
124,Janousek,43.3687,-124.1849,100,4,37.721999999999994,0.355,9.75,NA,NA
1240,Janousek,48.519,-122.506,100,22,12.89585,1.0877272727272727,1.4863636363636363,NA,NA
1241,Janousek,48.458,-122.47,100,6,24.714749999999995,0.5916666666666667,5.258333333333334,NA,NA
1243,Janousek,48.458,-122.47,100,7,27.046,0.6942857142857143,5.157142857142857,NA,NA
1245,Janousek,48.458,-122.47,100,6,25.30025,0.74,4.058333333333334,NA,NA
1246,Janousek,48.458,-122.47,100,7,28.0558,0.7142857142857143,4.185714285714286,NA,NA
1249,Janousek,48.332,-122.415,100,6,19.88475,0.6783333333333333,3.1083333333333334,NA,NA
125,Janousek,43.3689,-124.1849,100,4,24.740000000000002,0.3125,8.925,NA,NA
1250,Janousek,48.332,-122.415,100,5,9.298125,0.35200000000000004,2.88,NA,NA
1251,Janousek,15.12973,-92.75359,143,4,59.368700000000004,0.265,17.05,NA,NA
1252,Janousek,15.12973,-92.75359,150,4,75.96,0.2625,18.375,NA,NA
1253,Janousek,15.12976,-92.7543,150,4,59.528999999999996,0.185,20.474999999999998,NA,NA
1254,Janousek,15.12978,-92.75453,150,4,62.46600000000001,0.23249999999999998,17.8,NA,NA
1255,Janousek,15.12979,-92.75476,150,4,59.1715,0.1875,22.75,NA,NA
1256,Janousek,15.12981,-92.75499,150,4,65.9655,0.215,22.65,NA,NA
1257,Janousek,15.15673,-92.77893,150,4,55.445,0.34249999999999997,12.9,NA,NA
1258,Janousek,15.15658,-92.7791,152,4,50.4453,0.28250000000000003,15.35,NA,NA
1259,Janousek,15.15643,-92.77929,150,4,62.072,0.25,18.5,NA,NA
126,Janousek,43.3691,-124.1849,100,4,26.203000000000003,0.5125,5.4,NA,NA
1260,Janousek,15.15632,-92.77941,147,4,67.8537,0.315,16.575,NA,NA
1261,Janousek,15.15613,-92.77961,145,4,72.58200000000001,0.46,17.225,NA,NA
1262,Janousek,15.156,-92.7798,50,3,23.644,0.24000000000000002,20.2,NA,NA
1263,Janousek,15.17882,-92.80398,144,4,65.06120000000001,0.2,28.025,NA,NA
1264,Janousek,15.17882,-92.80398,150,4,59.266000000000005,0.195,22.2,NA,NA
1265,Janousek,15.17882,-92.80398,150,4,53.45400000000001,0.2225,20.475,NA,NA
1266,Janousek,15.1787,-92.8054,150,4,60.291000000000004,0.22749999999999998,17.975,NA,NA
1267,Janousek,15.1787,-92.8054,150,4,69.8495,0.2225,20.65,NA,NA
1268,Janousek,15.1787,-92.8054,150,4,62.211,0.41500000000000004,14.975,NA,NA
1269,Janousek,15.1762,-92.8486,122,4,59.538599999999995,0.305,15.174999999999999,NA,NA
127,Janousek,48.3217,-122.3952,100,4,34.738,0.935,4.625,NA,NA
1270,Janousek,15.1762,-92.8486,100,4,43.490500000000004,0.42000000000000004,15.924999999999999,NA,NA
1271,Janousek,15.1762,-92.8486,100,4,50.361999999999995,0.29,17.25,NA,NA
1272,Janousek,15.1762,-92.8486,153,4,94.24180000000001,0.3075,20,NA,NA
1273,Janousek,15.1762,-92.8486,100,4,50.5105,0.21,21.950000000000003,NA,NA
1274,Janousek,15.1762,-92.8486,163,4,58.392500000000005,0.225,19.3,NA,NA
1275,Janousek,15.1804,-92.8381,150,4,57.827000000000005,0.24,19.6,NA,NA
1276,Janousek,15.1804,-92.8381,150,4,70.40950000000001,0.28,18.6,NA,NA
1277,Janousek,15.1804,-92.8381,150,4,65.6915,0.2225,21.075,NA,NA
1278,Janousek,15.1804,-92.8381,150,4,96.86800000000001,0.28500000000000003,21.325,NA,NA
1279,Janousek,15.1804,-92.8381,150,4,82.6435,0.2925,23.25,NA,NA
128,Janousek,48.3217,-122.3949,100,4,22.998,0.57,4.4,NA,NA
1280,Janousek,15.1804,-92.8381,150,4,69.05650000000001,0.2275,19.425,NA,NA
1281,Janousek,15.20327,-92.88464,100,4,12.639,0.7225,3.025,NA,NA
1282,Janousek,15.20327,-92.88464,126,4,27.0323,0.5975,4.175,NA,NA
1283,Janousek,15.20327,-92.88464,138,4,33.749100000000006,0.47000000000000003,6.925,NA,NA
1284,Janousek,15.2033,-92.88582,150,4,48.32,0.66,5.075,NA,NA
1285,Janousek,15.2033,-92.88582,150,4,63.8745,0.44,12.05,NA,NA
1286,Janousek,15.2033,-92.82783,150,4,46.2675,0.2525,15.325000000000001,NA,NA
1287,Janousek,15.1648,-92.8278,110,4,10.126999999999999,0.9774999999999999,1.2,NA,NA
1288,Janousek,15.1648,-92.8278,102,4,13.3835,1.2675,1.575,NA,NA
1289,Janousek,15.1648,-92.8278,115,4,9.4245,1.04,1.325,NA,NA
129,Janousek,48.3218,-122.3947,100,4,20.822000000000003,0.395,6.1000000000000005,NA,NA
1290,Janousek,15.1648,-92.8278,121,4,15.9186,1,2.125,NA,NA
1291,Janousek,15.1648,-92.8278,106,4,24.5895,1.105,2.3,NA,NA
1292,Janousek,15.1648,-92.8278,137,4,35.299800000000005,0.8875000000000001,4.2,NA,NA
1299,Janousek,15.0321,-92.7081,100,4,23.744,0.6775,4.45,NA,NA
13,Janousek,38.1996,-122.0304,30,5,14.637625,0.246,20.14,NA,NA
130,Janousek,48.3218,-122.3944,100,4,23.277,0.44,5.449999999999999,NA,NA
1300,Janousek,15.0321,-92.7081,100,4,32.95,0.335,13.45,NA,NA
1301,Janousek,15.0321,-92.7081,100,4,19.567,0.505,3.15,NA,NA
1302,Janousek,15.0321,-92.7081,100,4,25.638500000000004,0.4625,8.8,NA,NA
1303,Janousek,15.0321,-92.7081,100,4,46.7125,0.4125,14.35,NA,NA
1304,Janousek,15.0321,-92.7081,100,4,27.897000000000002,0.49,7.75,NA,NA
1305,Janousek,36.81199,-121.74547,100,7,26.25975,0.6285714285714286,4.035714285714286,NA,NA
1306,Janousek,36.81203,-121.74995,100,7,18.862125,0.48714285714285716,5.4714285714285715,NA,NA
1307,Janousek,36.82821,-121.7452,100,7,31.5895,0.4685714285714286,7.667857142857143,NA,NA
1308,Janousek,36.81206,-121.75219,100,7,25.28,0.6842857142857143,3.85,NA,NA
1309,Janousek,36.80841,-121.74777,100,7,26.862000000000002,0.3628571428571429,9.232142857142858,NA,NA
131,Janousek,48.3219,-122.3942,100,4,21.488,0.3975,6.15,NA,NA
1310,Janousek,36.81021,-121.74774,100,7,25.41575,0.5228571428571429,5.535714285714286,NA,NA
1311,Janousek,36.81201,-121.74771,100,7,28.338124999999998,0.6142857142857143,5.457142857142857,NA,NA
1312,Janousek,36.81381,-121.74768,100,7,28.042875000000002,0.6485714285714286,5.353571428571429,NA,NA
1314,Janousek,36.81569,-121.75438,100,7,13.963624999999999,0.46,4.103571428571429,NA,NA
1315,Janousek,36.82673,-121.74331,100,7,8.654,0.7314285714285714,1.157142857142857,NA,NA
1316,Janousek,36.85181,-121.76052,100,10,10.61225,0.497,1.785,NA,NA
1317,Janousek,36.81936,-121.76105,100,7,54.59525000000001,0.27285714285714285,19.414285714285715,NA,NA
1318,Janousek,36.81939,-121.76329,105,8,47.054,0.78375,5.81875,NA,NA
132,Janousek,48.3219,-122.3939,100,4,22.681,0.43,5.7,NA,NA
1320,Janousek,36.81747,-121.75211,100,7,19.6555,0.46571428571428575,5.3428571428571425,NA,NA
1321,Janousek,36.84818,-121.75834,100,7,23.2335,0.6814285714285714,3.282142857142857,NA,NA
1322,Janousek,36.82283,-121.74753,100,9,35.69995,0.5955555555555556,6.816666666666666,NA,NA
1323,Janousek,36.82823,-121.74745,100,7,44.27575,0.6414285714285715,6.939285714285714,NA,NA
1324,Janousek,36.85001,-121.76055,100,9,34.33825,0.6322222222222222,5.805555555555555,NA,NA
1325,Janousek,36.83177,-121.74066,100,7,35.092625,0.6914285714285714,4.735714285714286,NA,NA
1326,Janousek,36.83912,-121.754,100,7,46.63325,0.21571428571428572,24.071428571428573,NA,NA
1329,Janousek,36.85897,-121.75592,100,7,70.369875,0.27999999999999997,29.849999999999998,NA,NA
133,Janousek,48.3526,-122.4633,100,4,8.396,1.1125,1.075,NA,NA
1330,Janousek,36.83359,-121.74287,100,7,22.194375,0.45714285714285713,5.385714285714285,NA,NA
1331,Janousek,36.83905,-121.74727,100,7,34.130250000000004,0.46,8.657142857142857,NA,NA
1332,Janousek,36.8482,-121.76058,100,7,34.951625,0.5714285714285714,6.071428571428571,NA,NA
1333,Janousek,36.84083,-121.745,100,8,32.1435,0.5800000000000001,6.221875,NA,NA
1335,Janousek,36.81751,-121.75659,100,7,31.759,0.5071428571428571,7.682142857142857,NA,NA
1336,Janousek,36.83179,-121.7429,100,7,32.67,0.48142857142857143,6.9071428571428575,NA,NA
1337,Janousek,36.83544,-121.74733,100,7,14.129,0.5914285714285714,2.682142857142857,NA,NA
1338,Janousek,36.84638,-121.75837,100,7,14.59075,0.6228571428571429,2.217857142857143,NA,NA
134,Janousek,48.3527,-122.4635,100,4,11.8665,1.195,1.1,NA,NA
1341,Janousek,36.81754,-121.75883,100,7,32.69,0.5542857142857143,5.925,NA,NA
1342,Janousek,36.83718,-121.74057,100,7,29.68075,0.39571428571428574,7.825,NA,NA
1343,Janousek,36.83001,-121.74517,125,8,45.215625,0.48,8.39375,NA,NA
1344,Janousek,36.8446,-121.76064,100,7,34.25725,1.0871428571428572,3.467857142857143,NA,NA
1345,Janousek,36.83903,-121.74503,100,8,38.0695,0.65625,5.70625,NA,NA
1346,Janousek,36.83182,-121.74515,100,8,32.1065,0.55875,6.2124999999999995,NA,NA
1347,Janousek,36.82643,-121.74748,100,7,38.0375,0.43714285714285717,9.082142857142857,NA,NA
1348,Janousek,36.81384,-121.74992,100,7,25.100875000000002,0.8528571428571429,2.6285714285714286,NA,NA
1349,Janousek,36.84635,-121.75612,100,7,6.97225,0.42857142857142855,2.1357142857142857,NA,NA
135,Janousek,48.3528,-122.4637,100,4,9.054,1.12,1.175,NA,NA
1350,Janousek,36.83725,-121.7473,100,7,20.499125,0.6571428571428571,3.7964285714285713,NA,NA
1352,Janousek,36.82997,-121.74069,100,7,48.70625,0.22571428571428573,21.517857142857142,NA,NA
1353,Janousek,36.81749,-121.75435,100,7,38.397999999999996,0.7157142857142857,5.621428571428572,NA,NA
1354,Janousek,36.81571,-121.75662,100,7,30.337500000000002,0.6228571428571429,4.921428571428572,NA,NA
1355,Janousek,36.84453,-121.75391,100,7,44.9865,0.21142857142857144,21.864285714285714,NA,NA
1356,Janousek,36.83357,-121.74063,100,7,18.37425,0.7414285714285714,2.3642857142857143,NA,NA
1357,Janousek,36.81922,-121.74759,100,7,31.971375,0.7728571428571429,4.385714285714286,NA,NA
1358,Janousek,36.8391,-121.75176,100,7,39.7015,0.5628571428571428,7.003571428571429,NA,NA
136,Janousek,48.3529,-122.4639,100,4,10.905999999999999,1.0675,1.3,NA,NA
1360,Janousek,36.81756,-121.76107,100,7,19.58825,0.6142857142857143,4.25,NA,NA
1361,Janousek,36.83907,-121.74951,100,7,21.01225,0.4014285714285714,5.485714285714286,NA,NA
1362,Janousek,36.83727,-121.74954,100,7,41.1095,0.5814285714285714,7.453571428571428,NA,NA
1363,Janousek,36.81758,-121.76332,100,7,8.1165,1.0371428571428571,0.8714285714285714,NA,NA
1366,Janousek,36.84998,-121.75831,100,7,31.962874999999997,0.5128571428571429,6.242857142857143,NA,NA
1367,Janousek,36.82301,-121.74383,100,7,25.106625,0.6971428571428572,3.960714285714286,NA,NA
1368,Janousek,36.82481,-121.74369,100,7,19.261875,0.5585714285714286,5.328571428571428,NA,NA
137,Janousek,48.353,-122.4642,100,4,12.567,0.9025,1.8,NA,NA
1370,Janousek,36.84816,-121.75609,100,7,47.431124999999994,0.6842857142857143,6.939285714285714,NA,NA
1373,Janousek,36.81917,-121.74311,100,7,29.313,0.44571428571428573,8.089285714285715,NA,NA
1375,Janousek,36.82098,-121.74308,100,7,25.405250000000002,0.5428571428571429,5.057142857142857,NA,NA
1376,Janousek,36.81578,-121.76335,100,7,33.83025,1.1757142857142857,3.6821428571428574,NA,NA
1378,Janousek,36.81386,-121.75217,100,7,19.69425,1.1642857142857144,1.7642857142857142,NA,NA
1379,Janousek,36.85178,-121.75828,100,7,40.15325,0.6285714285714286,6.3,NA,NA
138,Janousek,48.3531,-122.4643,100,4,14.622,0.9675,1.9000000000000001,NA,NA
1380,Janousek,36.85899,-121.75816,105,56,64.799575,0.34232142857142855,18.022321428571427,NA,NA
1381,Janousek,36.81576,-121.7611,105,54,38.117975,0.7094444444444444,4.3523148148148145,NA,NA
1382,Janousek,36.83362,-121.74512,105,56,32.501425,0.4425,5.632589285714285,NA,NA
1383,Janousek,36.82063,-121.74745,105,56,39.468075,0.34910714285714284,11.2125,NA,NA
1384,Janousek,30.514285,-115.983528,100,4,24.848999999999997,0.6174999999999999,5.4750000000000005,NA,NA
1385,Janousek,30.514285,-115.983528,100,4,26.0045,0.6725,5.3,NA,NA
1386,Janousek,30.514285,-115.983528,100,4,28.896,0.52,5.625,NA,NA
1387,Janousek,30.514285,-115.983528,100,4,21.566,0.63,7.125,NA,NA
1388,Janousek,30.514285,-115.983528,100,4,41.5795,0.54,9.5,NA,NA
1389,Janousek,30.414707,-115.983528,100,4,18.631,0.8475,3.475,NA,NA
139,Janousek,43.3359,-124.3281,100,4,43.219,0.57,12.45,NA,NA
1390,Janousek,30.414707,-115.983528,100,4,16.352,0.9600000000000001,2.35,NA,NA
1391,Janousek,30.414707,-115.983528,100,4,16.272,0.8674999999999999,3.375,NA,NA
1392,Janousek,30.414707,-115.983528,100,4,10.078999999999999,1.1075,1.975,NA,NA
1393,Janousek,30.414707,-115.983528,100,4,14.161000000000001,1.275,2.025,NA,NA
1395,Janousek,30.455094,-116.028388,100,4,55.078,0.8475,9.35,NA,NA
1396,Janousek,30.455094,-116.028388,100,4,92.102,0.9600000000000001,9.475,NA,NA
1397,Janousek,30.455094,-116.028388,100,4,19.887000000000004,0.8674999999999999,3.425,NA,NA
1398,Janousek,30.455094,-116.028388,100,4,16.244,1.1075,1.975,NA,NA
1399,Janousek,30.455094,-116.028388,100,4,24.5025,1.275,2.025,NA,NA
14,Janousek,38.1988,-122.0317,25,4,10.72325,0.2525,17.45625,NA,NA
140,Janousek,43.3357,-124.3282,100,4,26.076,0.865,7.75,NA,NA
1401,Janousek,21.76536,-105.49494,30,30,8.3727,0.8153333333333334,3.453333333333333,NA,NA
1402,Janousek,21.76474,-105.49329,30,27,9.0853,0.5603703703703704,5.520370370370371,NA,NA
1404,Janousek,21.77854,-105.49261,30,30,13.7119,0.39266666666666666,11.65,NA,NA
1405,Janousek,21.77823,-105.49039,30,30,8.9019,0.381,7.84,NA,NA
1406,Janousek,21.77824,-105.49018,30,25,11.386099999999999,0.5276,7.068,NA,NA
1407,Janousek,21.79525,-105.4899,30,24,9.8732,0.7029166666666666,4.614583333333333,NA,NA
1408,Janousek,21.79517,-105.48802,30,22,10.4716,0.6072727272727273,5.818181818181818,NA,NA
1409,Janousek,21.82259,-105.48708,30,22,10.03325,0.6895454545454546,5.077272727272727,NA,NA
141,Janousek,43.3355,-124.3282,100,4,27.494000000000003,0.6925,6.175000000000001,NA,NA
1410,Janousek,21.82216,-105.48733,30,26,7.94295,0.6461538461538462,4.609615384615385,NA,NA
1411,Janousek,21.82413,-105.48674,30,26,12.5567,0.3457692307692308,11.773076923076923,NA,NA
1412,Janousek,21.84739,-105.46853,30,30,12.9143,0.4206666666666667,10.37,NA,NA
1413,Janousek,21.84718,-105.47899,50,44,15.5592,1.0047727272727274,3.047727272727273,NA,NA
1414,Janousek,21.88457,-105.47068,30,30,12.7411,1.0423333333333333,4.178333333333334,NA,NA
1415,Janousek,21.88367,-105.47031,30,30,9.12475,1.0856666666666666,2.88,NA,NA
1417,Janousek,37.91953,-122.6884,100,100,39.28375,1.0819,4.3685,NA,NA
1418,Janousek,37.91855,-122.68797,100,100,36.11235,0.8014,5.3565,NA,NA
142,Janousek,43.3354,-124.3283,100,4,21.8745,0.795,8.575,NA,NA
1420,Janousek,37.9177,-122.68858,100,97,29.4047,0.9002061855670103,4.902577319587629,NA,NA
1422,Janousek,40.67758,-124.2176,100,100,31.406299999999998,0.5686,6.3885,NA,NA
1423,Janousek,40.67775,-124.2172,100,100,34.1528,0.5793,6.8004999999999995,NA,NA
1424,Janousek,40.67803,-124.21678,100,100,33.7992,0.5584,7.2565,NA,NA
1426,Janousek,32.79546,-117.22937,100,100,28.3894,1.0375,3.1445,NA,NA
1427,Janousek,32.79455,-117.229,100,99,33.82445,0.6486868686868686,6.655555555555556,NA,NA
1428,Janousek,32.79453,-117.22902,100,100,29.57395,1.1723,3.7265,NA,NA
1429,Janousek,32.79311,-117.23086,100,100,35.2751,0.9135,4.388,NA,NA
143,Janousek,43.3352,-124.3284,100,4,20.524,0.7225,6.3,NA,NA
1431,Janousek,34.10411,-119.09179,100,51,17.06795,1.1494117647058824,1.9794117647058824,NA,NA
1432,Janousek,34.10286,-119.08872,100,100,45.71705,1.5801,2.9615,NA,NA
1433,Janousek,34.10284,-119.08863,50,50,29.66155,1.53,4.058,NA,NA
1434,Janousek,34.10522,-119.08797,51,49,26.134,0.9728571428571429,4.84795918367347,NA,NA
1436,Janousek,35.341,-120.8367,100,100,24.41335,0.8364,4.003,NA,NA
1437,Janousek,35.341,-120.8366,100,100,27.8745,0.7043,5.0425,NA,NA
1439,Janousek,35.3446,-120.8342,100,98,29.54515,0.6751020408163265,5.625510204081633,NA,NA
144,Janousek,43.3351,-124.3284,100,4,18.371,1.4575,1.125,NA,NA
1444,Janousek,35.3426,-120.8392,100,98,32.738550000000004,0.9462244897959183,4.479591836734694,NA,NA
1446,Janousek,40.87302,-124.15101,100,100,29.59955,0.5144,6.82,NA,NA
1448,Janousek,40.8638,-124.15087,100,100,38.5544,0.8567,5.6085,NA,NA
1450,Janousek,40.86228,-124.15372,100,95,31.5592,0.7430526315789474,4.606315789473684,NA,NA
1453,Janousek,40.86382,-124.15084,100,99,32.9302,0.8177777777777778,5.103535353535354,NA,NA
1454,Janousek,40.8629,-124.14893,100,100,33.03585,0.8796,4.7,NA,NA
1455,Janousek,40.86283,-124.1491,100,100,34.5102,0.9067000000000001,4.756,NA,NA
1456,Janousek,38.19453,-122.55325,100,98,36.1077,0.36642857142857144,10.291326530612245,NA,NA
1458,Janousek,38.1689,-122.55103,100,100,39.20665,0.3539,14.028,NA,NA
1459,Janousek,33.7331,-118.0828,100,100,37.0344,0.4583,8.061,NA,NA
1462,Janousek,33.73433,-118.0705,100,100,34.4959,0.6187,8.631,NA,NA
1463,Janousek,33.73495,-118.0837,100,100,26.2125,0.6169,5.415,NA,NA
1464,Janousek,33.73475,-118.08313,100,100,25.0448,0.6983,4.4915,NA,NA
1465,Janousek,33.73592,-118.08227,100,100,35.07775,0.4324,10.109,NA,NA
1467,Janousek,33.73518,-118.08267,100,100,51.5619,0.5622,8.403,NA,NA
1468,Janousek,33.73672,-118.0776,100,100,41.17365,0.3741,13.3505,NA,NA
1469,Janousek,33.73655,-118.07844,100,99,38.43635,0.3652525252525253,13.382828282828283,NA,NA
1472,Janousek,33.73545,-118.07853,100,100,33.30475,0.387,9.7335,NA,NA
1473,Janousek,33.7356,-118.07954,100,98,32.33405,0.5091836734693878,8.048469387755102,NA,NA
1475,Janousek,32.5733,-117.1291,100,99,25.0193,0.5367676767676768,5.093434343434343,NA,NA
1476,Janousek,32.5733,-117.1291,100,82,41.17765,0.6741463414634147,5.5408536585365855,NA,NA
1477,Janousek,32.5741,-117.1288,100,91,21.32545,1.2671428571428571,3.2747252747252746,NA,NA
1479,Janousek,32.5747,-117.1288,100,91,20.8594,1.8057142857142856,1.8703296703296703,NA,NA
1480,Janousek,32.5752,-117.1283,100,100,39.416399999999996,0.6781,6.3345,NA,NA
1481,Janousek,32.5752,-117.1283,100,97,52.94885,0.6944329896907216,7.274742268041237,NA,NA
1482,Janousek,37.45772,-121.97697,100,100,23.242449999999998,0.5835,3.953,NA,NA
1484,Janousek,37.45895,-121.97602,100,100,28.11485,0.6416,4.412,NA,NA
1485,Janousek,37.45877,-121.97975,100,100,23.19905,0.6424,3.6735,NA,NA
1486,Janousek,33.6518,-117.8836,100,97,28.00365,0.8257731958762886,4.505154639175258,NA,NA
1487,Janousek,33.6515,-117.8835,100,100,24.815450000000002,0.9363,3.6885,NA,NA
1488,Janousek,33.6512,-117.8811,100,99,20.0634,0.8511111111111112,3.304040404040404,NA,NA
1489,Janousek,33.65,-117.8822,100,100,25.61135,0.9373,3.849,NA,NA
1490,Janousek,33.64835,-117.88468,100,98,20.426,0.6921428571428572,3.7362244897959185,NA,NA
1492,Janousek,33.65158,-117.88115,100,100,22.3062,0.6728,4.06,NA,NA
1493,Janousek,33.65165,-117.8814,100,100,23.4067,0.7073,3.788,NA,NA
1494,Janousek,40.70412,-124.21617,100,100,33.19985,0.4804,7.452,NA,NA
1495,Janousek,40.70402,-124.21592,100,100,30.95765,0.5079,6.386,NA,NA
1496,Janousek,40.70429,-124.21514,100,100,34.2269,0.5033,7.9875,NA,NA
1497,Janousek,38.0087,-122.4876,100.2,11,97.775075,1.1745454545454546,8.281818181818181,NA,NA
1499,Janousek,38.0343,-122.0992,107.9,8,103.62478500000002,1.05625,11.21875,NA,NA
15,Janousek,38.1986,-122.0309,30,5,10.2475,0.456,7.260000000000001,NA,NA
1500,Janousek,38.0432,-121.8691,102.7,8,64.50196,0.53375,13.58125,NA,NA
1502,Janousek,30.4147,-115.9835,30,3,2.008,1.0733333333333333,0.7000000000000001,NA,NA
1503,Janousek,30.4147,-115.9835,30,3,1.825,1.01,0.6666666666666666,NA,NA
1504,Janousek,25.82808,-111.31658,30,3,17.162000000000003,0.8166666666666667,7,NA,NA
1505,Janousek,25.82792,-111.31689,30,3,34.822,1.3866666666666667,8.366666666666667,NA,NA
1506,Janousek,25.82828,-111.31735,30,3,22.451999999999998,1.22,7.566666666666666,NA,NA
1507,Janousek,25.82903,-111.31749,30,3,26.113000000000003,1.2266666666666666,7.1000000000000005,NA,NA
1508,Janousek,25.83004,-111.31725,30,4,45.849,2.025,6.925,NA,NA
1513,Janousek,24.89722,-112.16894,100,5,31.4805,0.97,3.08,NA,NA
1514,Janousek,24.89741,-112.16878,50,3,15.272,0.5966666666666667,6.033333333333333,NA,NA
1515,Janousek,24.89756,-112.16856,50,3,10.3,0.61,3.4666666666666663,NA,NA
1516,Janousek,24.91127,-112.15777,100,5,13.102,1.208,1.96,NA,NA
1517,Janousek,24.91127,-112.15782,50,3,10.035499999999999,0.9866666666666667,2.433333333333333,NA,NA
1518,Janousek,24.91118,-112.15789,50,3,10.928999999999998,0.8733333333333333,2.4333333333333336,NA,NA
1519,Janousek,24.86244,-112.10716,100,4,3.3645000000000005,1.3050000000000002,0.275,NA,NA
1520,Janousek,24.86252,-112.10712,100,4,4.553999999999999,1.2,0.425,NA,NA
1521,Janousek,24.8627,-112.10708,50,3,4.2915,0.7933333333333333,1.3333333333333333,NA,NA
1522,Janousek,24.86279,-112.10699,100,5,10.457,0.97,1.3599999999999999,NA,NA
1523,Janousek,24.86244,-112.10716,30,3,3.046,1.1633333333333333,0.9333333333333333,NA,NA
1524,Janousek,24.86252,-112.10712,50,3,5.028,1.6066666666666667,0.6666666666666667,NA,NA
1525,Janousek,24.86222,-112.10739,50,5,5.662,1.246,0.94,NA,NA
1526,Janousek,24.86233,-112.1073,50,3,3.736,0.8966666666666667,0.8,NA,NA
1527,Janousek,27.091604,-110.013497,60,4,16.2795,0.5825,8.375,NA,NA
1528,Janousek,25.5882,-109.2038,60,4,13.575000000000001,0.5025,7,NA,NA
1529,Janousek,25.5882,-109.2038,100,5,27.279,0.856,3.5,NA,NA
1530,Janousek,25.5846,-109.132,60,4,6.8580000000000005,1.1775,1,NA,NA
1531,Janousek,25.5846,-109.132,100,7,12.751,1.1885714285714286,1.1428571428571428,NA,NA
1532,Janousek,24.91102,-112.15802,50,3,1.377,1.2033333333333334,0.23333333333333334,NA,NA
1533,Janousek,24.91096,-112.15805,100,5,5.955,1.528,0.4,NA,NA
1534,Janousek,24.91093,-112.15806,100,5,9.2535,1.412,0.78,NA,NA
1535,Janousek,24.86252,-112.10712,50,3,1.27,1.39,0.2,NA,NA
1536,Janousek,24.8627,-112.10708,50,3,1.899,1.2466666666666666,0.3333333333333333,NA,NA
1537,Janousek,24.86279,-112.10699,50,3,3.318,1.35,0.5,NA,NA
1538,Janousek,25.7438,-111.2615,100,4,5.587,1.265,0.55,NA,NA
1539,Janousek,46.30497,-123.69242,50,25,10.0136,0.4868,4.257,NA,NA
1540,Janousek,46.305,-123.692,50,25,11.3116,0.6468,3.6,NA,NA
1541,Janousek,46.306,-123.695,50,25,7.057,1.116,1.292,NA,NA
1544,Janousek,46.15752,-123.86123,50,25,8.2964,0.2608,6.568,NA,NA
1545,Janousek,46.15782,-123.86194,50,25,10.2882,0.3564,5.94,NA,NA
1546,Janousek,46.32663,-123.65991,50,25,11.99815,0.4476,5.431,NA,NA
1547,Janousek,43.26961,-124.32114,50,25,24.7957,0.522,14.559,NA,NA
1548,Janousek,43.27225,-124.31899,50,25,16.662,0.448,10.540000000000001,NA,NA
1551,Janousek,43.27253,-124.3193,51,25,26.424120000000002,0.2304,25.74,NA,NA
1564,Janousek,48.76458,-123.62883,30,16,6.3106,1.21,2.2609375,NA,NA
1565,Janousek,48.76417,-123.62717,30,16,8.088799999999999,1.22375,2.959375,NA,NA
1566,Janousek,48.7635,-123.623,30,16,6.8583,1.646875,1.365625,NA,NA
1568,Janousek,48.75867,-123.63467,30,16,6.7617,1.264375,1.559375,NA,NA
1569,Janousek,48.758,-123.63183,30,16,5.6074,1.56625,1.2249999999999999,NA,NA
157,Janousek,48.5492,-122.5317,100,4,3.6605,1.4325,0.275,NA,NA
1570,Janousek,48.75717,-123.63033,30,16,4.8660000000000005,1.21,1.6171875,NA,NA
1574,Janousek,48.74789,-123.63752,30,16,16.4546,0.6012500000000001,10.165625,NA,NA
1575,Janousek,48.74789,-123.63752,30,16,6.14835,1.119375,2.8375,NA,NA
1576,Janousek,48.76317,-123.63567,30,16,5.61475,1.595,1.2265625,NA,NA
1577,Janousek,48.76283,-123.61681,30,16,6.46295,1.85,1.096875,NA,NA
1578,Janousek,48.761,-123.626,30,16,5.6663499999999996,1.786875,1.14375,NA,NA
1579,Janousek,48.76117,-123.62483,30,16,6.600475,1.709375,1.3140625,NA,NA
158,Janousek,48.5492,-122.5319,100,4,5.203499999999999,1.4425,0.35,NA,NA
1580,Janousek,48.7615,-123.62467,30,16,6.892925,1.625625,1.0078125,NA,NA
1581,Janousek,48.762,-123.62433,30,16,5.8692,1.765625,1.1390625,NA,NA
1582,Janousek,24.32253,-110.32291,50,4,26.029999999999998,0.275,18.65,NA,NA
1583,Janousek,24.32259,-110.32255,50,4,19.951999999999998,0.24,16.7,NA,NA
1584,Janousek,24.32302,-110.32256,50,4,50.612,0.4125,24.025,NA,NA
1585,Janousek,24.31953,-110.31548,50,4,30.127,0.8925000000000001,5,NA,NA
1586,Janousek,24.31978,-110.31565,50,4,13.191,0.96,2.8,NA,NA
1587,Janousek,24.31982,-110.31577,50,4,32.267,0.7200000000000001,9.85,NA,NA
1588,Janousek,24.31286,-110.31649,50,4,11.9855,1.3225,1.85,NA,NA
1589,Janousek,24.31292,-110.31676,50,4,12.7695,0.7525,3.5,NA,NA
159,Janousek,48.5492,-122.5323,100,4,3.9679999999999995,1.3975,0.275,NA,NA
1590,Janousek,24.31297,-110.31692,50,4,38.36999999999999,1.5375,5.025,NA,NA
1598,Janousek,24.17263,-110.43593,50,4,10.362000000000002,1.0225,2.15,NA,NA
1599,Janousek,24.17272,-110.43557,50,4,11.892,1.585,1.525,NA,NA
16,Janousek,38.1988,-122.0321,30,5,13.481625000000001,0.21000000000000002,21.755,NA,NA
160,Janousek,48.5492,-122.5325,100,4,3.7915,1.415,0.25,NA,NA
1600,Janousek,24.17278,-110.43552,50,4,9.8355,1.4725,1.325,NA,NA
1601,Janousek,24.17498,-110.43703,50,4,12.258000000000001,0.545,4.525,NA,NA
1602,Janousek,24.17504,-110.4369,50,4,11.667,0.52,4.4,NA,NA
1603,Janousek,24.17637,-110.43597,50,4,12.72,0.75,3.425,NA,NA
1604,Janousek,24.17622,-110.43615,50,4,9.5975,0.54,3.675,NA,NA
1605,Janousek,24.15727,-110.34857,72,3,11.4906,0.6866666666666666,2.433333333333333,NA,NA
1607,Janousek,24.15727,-110.34857,50,3,17.875,0.4966666666666667,6.933333333333334,NA,NA
1608,Janousek,24.15727,-110.34857,52.5,2,26.5476,0.505,9.45,NA,NA
1609,Janousek,24.15727,-110.34857,100,4,9.4477,1.13,0.925,NA,NA
161,Janousek,48.5492,-122.5327,100,4,3.4365,1.4475,0.25,NA,NA
1611,Janousek,24.15225,-110.35902,30,2,5.328,0.74,2.4,NA,NA
1612,Janousek,24.15225,-110.35902,51,3,13.3215,0.8,3.8666666666666667,NA,NA
1613,Janousek,24.15225,-110.35902,30,3,5.3412,0.86,2.1,NA,NA
1614,Janousek,24.15199,-110.3602,30,3,6.034000000000001,1.1466666666666667,1.8666666666666667,NA,NA
1615,Janousek,24.26002,-110.31112,50,3,6.2929,0.4266666666666667,3.6666666666666665,NA,NA
1616,Janousek,24.26002,-110.31112,60.5,2,11.007850000000001,0.25,8.05,NA,NA
1617,Janousek,24.26007,-110.31038,109.5,4,19.63595,1.055,2.275,NA,NA
1618,Janousek,24.26002,-110.31112,100,5,31.7925,0.628,6.36,NA,NA
1619,Janousek,24.30214,-110.32709,100,7,29.189799999999998,0.4014285714285714,8.242857142857142,NA,NA
162,Janousek,48.5493,-122.5331,100,4,3.567,1.455,0.275,NA,NA
1621,Janousek,24.30097,-110.32678,112.5,6,21.16875,0.9233333333333333,3.066666666666667,NA,NA
1622,Janousek,24.88003,-110.56698,111.25,4,31.503324999999997,0.3,12.2,NA,NA
1623,Janousek,24.87954,-110.56415,30,3,8.1466,0.18,19.766666666666666,NA,NA
1624,Janousek,24.8768,-110.56892,100,5,19.5107,0.91,2.48,NA,NA
1625,Janousek,24.88042,-110.56678,109.5,5,21.581750000000003,0.26,14.24,NA,NA
1626,Janousek,24.86942,-110.57533,112.5,6,39.15725,0.18,19.066666666666666,NA,NA
1627,Janousek,24.44151,-110.37132,50,4,9.5968,0.48250000000000004,5.575,NA,NA
1628,Janousek,24.43723,-110.36272,50,2,17.22,0.82,4.2,NA,NA
1629,Janousek,24.43723,-110.36272,100,3,29.7384,0.8333333333333333,3.8000000000000003,NA,NA
163,Janousek,43.3141,-124.3193,100,4,13.815,1.4725,1.075,NA,NA
1630,Janousek,24.43723,-110.36272,50,4,18.4424,0.7075,4.5,NA,NA
1631,Janousek,24.43723,-110.36272,100,4,19.357574999999997,0.6799999999999999,3.35,NA,NA
1632,Janousek,24.42438,-110.34798,30,3,7.0936,0.32,8.533333333333333,NA,NA
1633,Janousek,24.42438,-110.34798,30,3,3.5032,0.29333333333333333,4.366666666666667,NA,NA
1634,Janousek,24.42438,-110.34798,30,3,9.0904,0.13,25.066666666666666,NA,NA
1635,Janousek,27.22358,-112.21287,30,2,5.049,0.33,5.1,NA,NA
1636,Janousek,27.22358,-112.21287,50,4,9.278,0.575,5.9,NA,NA
1637,Janousek,27.22358,-112.21287,50,3,6.4302,0.7666666666666666,2.1,NA,NA
1638,Janousek,26.76174,-111.89233,30,2,5.145,0.49,3.5,NA,NA
1639,Janousek,26.76174,-111.89233,50,3,10.0908,0.33999999999999997,5.833333333333333,NA,NA
164,Janousek,43.3139,-124.3192,100,4,10.956000000000001,1.4675,0.65,NA,NA
1640,Janousek,26.76174,-111.89233,50,3,13.1544,0.18,12.866666666666667,NA,NA
1641,Janousek,26.63983,-111.83755,63,4,10.776625,0.7975,2.175,NA,NA
1642,Janousek,26.56213,-111.77238,50,3,10.115250000000003,0.6633333333333333,3,NA,NA
1643,Janousek,26.56213,-111.77238,100,5,23.86525,1.072,2.16,NA,NA
1644,Janousek,26.65039,-111.85113,100,4,22.100225000000002,0.9850000000000001,2.25,NA,NA
1645,Janousek,26.65039,-111.85113,100,6,19.70045,1.03,2,NA,NA
1646,Janousek,26.65039,-111.85113,118,3,33.6578,0.9066666666666667,3.2666666666666666,NA,NA
1647,Janousek,26.69854,-111.87582,100,7,18.0486,0.6342857142857143,3.1571428571428575,NA,NA
1648,Janousek,26.69875,-111.87626,62,4,8.6797,1.0325,1.375,NA,NA
165,Janousek,43.3138,-124.3191,100,4,8.745,1.305,0.6,NA,NA
1650,Janousek,24.43232,-110.34722,59,4,10.7199,0.5575,3.9250000000000003,NA,NA
1651,Janousek,28.88861,-113.4843,100,5,2.375775,1.47,0.14,NA,NA
1652,Janousek,28.82024,-113.36529,101.5,2,29.468700000000002,0.7050000000000001,3.8499999999999996,NA,NA
1653,Janousek,29.04606,-113.50226,100,5,9.660599999999999,1.58,0.58,NA,NA
166,Janousek,43.3136,-124.3191,100,4,6.718999999999999,1.4375,0.5,NA,NA
167,Janousek,43.3135,-124.319,100,4,10.998,1.3175,0.85,NA,NA
1673,Janousek,32.67871,-117.223,100,6,1.0570000000000002,1.0483333333333333,0.1,NA,NA
1674,Janousek,32.67871,-117.223,100,6,1.0390000000000001,1.065,0.1,NA,NA
1675,Janousek,32.67871,-117.223,100,6,1.004,1.0066666666666666,0.1,NA,NA
1676,Janousek,32.69027,-117.22727,100,6,1.076,1.0533333333333335,0.1,NA,NA
1677,Janousek,32.69027,-117.22727,100,6,1.284,1.2266666666666668,0.1,NA,NA
1678,Janousek,32.69027,-117.22727,100,6,1.2340000000000002,1.1383333333333334,0.11666666666666667,NA,NA
1679,Janousek,32.70611,-117.23319,100,6,7.2890000000000015,1.15,0.4166666666666667,NA,NA
168,Janousek,43.3133,-124.3189,100,4,9.482,1.42,0.7,NA,NA
1680,Janousek,32.70611,-117.23319,100,6,2.9829999999999997,1.2583333333333333,0.21666666666666667,NA,NA
1681,Janousek,32.70611,-117.23319,100,6,4.766000000000001,1.0783333333333334,0.3666666666666667,NA,NA
1682,Janousek,32.69195,-117.16384,100,6,1.7770000000000001,0.9283333333333333,0.25,NA,NA
1683,Janousek,32.69195,-117.16384,100,6,1.828,1.0916666666666666,0.2,NA,NA
1684,Janousek,32.69195,-117.16384,100,6,0.984,1.2266666666666666,0.13333333333333333,NA,NA
1685,Janousek,32.69188,-117.16331,100,6,4.303000000000001,1.3766666666666667,0.21666666666666667,NA,NA
1686,Janousek,32.69188,-117.16331,100,6,3.605,1.4366666666666668,0.2,NA,NA
1687,Janousek,32.69188,-117.16331,100,6,2.971,1.3183333333333334,0.16666666666666669,NA,NA
1688,Janousek,32.69198,-117.16286,50,6,0.774,1.3066666666666666,0.11666666666666667,NA,NA
1689,Janousek,32.69198,-117.16286,100,6,8.962000000000002,1.3583333333333334,0.45,NA,NA
169,Janousek,43.2836,-124.3235,100,4,30.761000000000003,0.4575,9.35,NA,NA
1690,Janousek,32.69198,-117.16286,100,6,3.243,1.365,0.31666666666666665,NA,NA
1691,Janousek,32.67166,-117.15794,100,6,4.318,1.0933333333333333,0.5333333333333333,NA,NA
1692,Janousek,32.67166,-117.15794,100,6,5.253,1.1300000000000001,0.55,NA,NA
1693,Janousek,32.67166,-117.15794,100,6,4.093,1.0166666666666666,0.5166666666666666,NA,NA
1694,Janousek,32.62014,-117.10754,100,6,8.669,1.0983333333333334,0.7666666666666667,NA,NA
1695,Janousek,32.62014,-117.10754,100,6,9.713000000000001,1.25,0.7833333333333333,NA,NA
1696,Janousek,32.62014,-117.10754,100,6,10.782,1.1683333333333332,0.9333333333333333,NA,NA
17,Janousek,38.1992,-122.0325,30,5,9.5875,0.434,7.735,NA,NA
170,Janousek,43.2834,-124.3234,100,4,18.137999999999998,0.8375,5.175,NA,NA
1703,Janousek,32.63646,-117.13707,100,6,2.171,1.2783333333333333,0.3,NA,NA
1704,Janousek,32.63646,-117.13707,100,6,3.898,1.205,0.4,NA,NA
1705,Janousek,32.63646,-117.13707,100,6,1.692,1.355,0.21666666666666667,NA,NA
171,Janousek,43.2833,-124.3233,100,4,22.02,0.615,9.575,NA,NA
172,Janousek,43.2831,-124.3232,100,4,29.7345,0.59,8.775,NA,NA
173,Janousek,43.283,-124.3231,100,4,20.72,0.4775,7.4750000000000005,NA,NA
174,Janousek,43.2828,-124.323,100,4,32.097,0.585,9.775,NA,NA
175,Janousek,43.2936,-124.3233,100,4,23.596,0.6225,6.925000000000001,NA,NA
176,Janousek,43.2935,-124.3234,100,4,19.7145,0.5075,6.55,NA,NA
177,Janousek,43.2933,-124.3235,100,4,24.7365,0.4,7.55,NA,NA
178,Janousek,43.2931,-124.3236,100,4,19.863999999999997,0.46749999999999997,7.675,NA,NA
179,Janousek,43.293,-124.3237,100,4,21.531000000000002,0.5725,5.675,NA,NA
18,Janousek,38.1996,-122.0315,30,5,9.29875,0.526,6.045,NA,NA
180,Janousek,43.2928,-124.3238,100,4,26.415999999999997,0.6649999999999999,5.6,NA,NA
181,Janousek,43.3345,-124.328,100,4,19.473,0.69,5.575,NA,NA
182,Janousek,43.3347,-124.3279,100,4,20.431,0.7875,4.8999999999999995,NA,NA
183,Janousek,43.3349,-124.3279,100,4,17.2815,0.765,3.775,NA,NA
184,Janousek,43.3351,-124.3278,100,4,27.351,0.635,4.7,NA,NA
185,Janousek,43.3353,-124.3278,100,4,21.5535,0.7075,7.325,NA,NA
186,Janousek,43.3354,-124.3277,100,4,20.563,0.6799999999999999,7.75,NA,NA
187,Janousek,44.5784,-124.0136,100,4,23.788,0.575,5.15,NA,NA
188,Janousek,44.5784,-124.0139,100,4,24.8175,0.54,6.2749999999999995,NA,NA
189,Janousek,44.5783,-124.0141,100,4,25.217,0.535,6.65,NA,NA
19,Janousek,38.2009,-122.0304,30,5,14.757375,0.338,14.674999999999999,NA,NA
190,Janousek,44.5782,-124.0143,100,4,15.854999999999999,0.6425000000000001,3.7,NA,NA
191,Janousek,44.5781,-124.0145,100,4,25.7295,0.42,6.45,NA,NA
192,Janousek,44.5781,-124.0147,100,4,17.063,0.565,3.675,NA,NA
199,Janousek,46.8807,-123.9587,100,4,37.412,0.495,7.625,NA,NA
20,Janousek,38.2043,-122.0249,30,5,5.033375,0.198,8.335,NA,NA
200,Janousek,46.8808,-123.9586,100,4,45.187999999999995,0.635,7.475,NA,NA
201,Janousek,46.881,-123.9585,100,4,45.345,0.64,7.3,NA,NA
202,Janousek,46.8811,-123.9584,100,4,26.345,0.6925,8.575,NA,NA
203,Janousek,46.8813,-123.9583,100,4,50.117999999999995,0.5875,11.274999999999999,NA,NA
204,Janousek,46.8806,-123.9588,100,4,35.120000000000005,0.4925,7.925,NA,NA
205,Janousek,46.9411,-123.7209,100,4,33.759,0.43000000000000005,9.825,NA,NA
206,Janousek,46.9413,-123.721,100,4,62.072,0.44,12.475,NA,NA
207,Janousek,46.9415,-123.7211,100,4,40.641999999999996,0.3675,13.075,NA,NA
208,Janousek,46.9415,-123.7213,100,4,33,0.6175,9.65,NA,NA
209,Janousek,46.9418,-123.7213,100,4,26.759,0.595,4.8,NA,NA
21,Janousek,49.66555,-124.91283,50,21,6.0811,1.6823809523809523,0.5761904761904763,NA,NA
210,Janousek,46.9419,-123.7215,100,4,28.921,0.54,5.65,NA,NA
211,Janousek,45.7446,-123.8574,100,4,39.621,0.4825,8.25,NA,NA
212,Janousek,45.7444,-123.8573,100,4,31.037,0.5225,6.699999999999999,NA,NA
213,Janousek,45.7442,-123.8572,100,4,32.8155,0.4225,8.275,NA,NA
214,Janousek,45.7441,-123.8571,100,4,51.9485,0.28500000000000003,23.125,NA,NA
215,Janousek,45.7439,-123.857,100,4,23.865000000000002,0.47250000000000003,5.65,NA,NA
216,Janousek,45.7437,-123.8569,100,4,42.347500000000004,0.39249999999999996,11.275,NA,NA
217,Janousek,40.8865,-124.1406,100,4,28.6535,0.625,6,NA,NA
218,Janousek,40.8863,-124.1406,100,4,15.1255,0.515,4.625,NA,NA
219,Janousek,40.8862,-124.1406,100,4,18.3445,0.47750000000000004,6.5,NA,NA
22,Janousek,49.66605,-124.91022,52.5,22,2.7809,1.6686363636363635,0.26363636363636367,NA,NA
220,Janousek,40.886,-124.1406,100,4,29.4285,0.45,8,NA,NA
221,Janousek,40.8858,-124.1406,100,4,16.0685,0.5025,4.3,NA,NA
222,Janousek,40.8856,-124.1406,100,4,15.8895,0.4475,6.175,NA,NA
229,Janousek,40.704,-124.2166,300,5,58.582499999999996,0.40800000000000003,6.26,NA,NA
23,Janousek,49.67005,-124.93853,50,21,2.8767,1.5904761904761906,0.4238095238095238,NA,NA
230,Janousek,40.7041,-124.2164,100,4,21.5475,0.42000000000000004,7.2,NA,NA
231,Janousek,40.7042,-124.2162,100,4,22.236,0.44999999999999996,5.35,NA,NA
232,Janousek,40.7043,-124.211,100,4,22.046,0.33999999999999997,7.675,NA,NA
233,Janousek,40.7044,-124.2159,100,4,20.575,0.3425,7.375,NA,NA
234,Janousek,40.7045,-124.2156,100,4,18.918,0.4125,5.375,NA,NA
235,Janousek,40.7172,-124.227,100,4,8.6125,1.0375,0.825,NA,NA
236,Janousek,40.7172,-124.2268,100,4,5.968500000000001,1.07,0.7000000000000001,NA,NA
237,Janousek,40.7172,-124.2265,100,4,11.123000000000001,1.06,0.9,NA,NA
238,Janousek,40.7173,-124.2264,100,4,10.0275,1.0525,0.8,NA,NA
239,Janousek,40.7172,-124.2261,100,4,7.8255,1.0175,0.825,NA,NA
24,Janousek,49.65835,-124.95398,50,21,4.0657000000000005,1.5585714285714287,0.44285714285714284,NA,NA
240,Janousek,40.7172,-124.2259,100,4,6.498,1.0075,0.7,NA,NA
241,Janousek,48.0132,-122.1508,100,4,23.233,0.76,3.775,NA,NA
242,Janousek,48.0133,-122.1506,100,4,31.239,0.48750000000000004,5.8,NA,NA
243,Janousek,48.0133,-122.1503,100,4,22.42,0.5975,4.075,NA,NA
244,Janousek,48.0135,-122.1501,100,4,34.9195,0.62,4.95,NA,NA
245,Janousek,48.0135,-122.1499,100,4,23.378,0.615,3.85,NA,NA
246,Janousek,48.0135,-122.1496,100,4,61.3625,0.4175,15.05,NA,NA
247,Janousek,44.5899,-123.9464,100,4,12.7255,0.725,2.325,NA,NA
248,Janousek,44.5898,-123.9466,100,4,16.0455,0.7424999999999999,3.425,NA,NA
249,Janousek,44.5898,-123.9468,100,4,21.635,0.47750000000000004,5.35,NA,NA
25,Janousek,49.66023,-124.9439,50,21,2.1895,1.6642857142857144,0.2571428571428571,NA,NA
250,Janousek,44.5897,-123.9471,100,4,19.746,0.4225,7.875,NA,NA
251,Janousek,44.5897,-123.9473,100,4,23.158,0.495,6.375,NA,NA
252,Janousek,44.5896,-123.9476,100,4,21.095,0.40249999999999997,9.575,NA,NA
259,Janousek,46.8915,-123.9876,100,4,27.9605,0.68,6.8,NA,NA
26,Janousek,49.6668,-124.93478,50,21,57.5217,1.6238095238095238,3.8000000000000003,NA,NA
260,Janousek,46.8914,-123.9874,100,4,17.244,0.76,3.525,NA,NA
261,Janousek,46.8912,-123.9873,100,4,38.6475,0.6575,6.825,NA,NA
262,Janousek,46.8911,-123.9871,100,4,37.5955,0.6275,9.7,NA,NA
263,Janousek,46.891,-123.9869,100,4,39.0305,0.75,4.675,NA,NA
264,Janousek,46.8908,-123.9868,100,4,62.117999999999995,0.5875,14.05,NA,NA
265,Janousek,46.1924,-123.5807,100,4,33.142,0.5225,6.575,NA,NA
266,Janousek,46.1924,-123.5805,100,4,46.641999999999996,0.385,11.3,NA,NA
267,Janousek,46.1923,-123.5802,100,4,35.1685,0.5125000000000001,6.9,NA,NA
268,Janousek,46.1922,-123.5794,100,4,44.323499999999996,0.375,11.95,NA,NA
269,Janousek,46.1921,-123.5792,100,4,36.395,0.37,9.8,NA,NA
27,Janousek,49.65865,-124.9423,50,21,4.6701,1.6423809523809523,0.48095238095238096,NA,NA
270,Janousek,46.1919,-123.579,100,4,40.504,0.3925,9.85,NA,NA
277,Janousek,46.3048,-123.6924,100,4,17.496,0.615,3.0749999999999997,NA,NA
278,Janousek,46.305,-123.6924,100,4,12.606000000000002,0.74,2,NA,NA
279,Janousek,46.3051,-123.6924,100,4,13.5925,0.53,3.65,NA,NA
28,Janousek,49.66513,-124.91967,50,21,2.6417,1.6885714285714286,0.3666666666666667,NA,NA
280,Janousek,46.3053,-123.6924,100,4,19.335,0.62,3.5,NA,NA
281,Janousek,46.3055,-123.6924,100,4,16.129,0.6075,3.175,NA,NA
282,Janousek,46.3057,-123.6924,100,4,19.407,0.5725,4.275,NA,NA
283,Janousek,46.3071,-123.691,100,4,29.380500000000005,0.47500000000000003,6.375,NA,NA
284,Janousek,46.307,-123.6907,100,4,19.2665,0.6025,4.4,NA,NA
285,Janousek,46.3069,-123.6905,100,4,20.1125,0.79,3.325,NA,NA
286,Janousek,46.3065,-123.6898,100,4,21.027,0.7625,2.95,NA,NA
287,Janousek,46.3065,-123.6895,100,4,46.5475,0.44,8.325,NA,NA
288,Janousek,46.3064,-123.6893,100,4,38.8485,0.5025,7.3,NA,NA
289,Janousek,46.3051,-123.695,100,5,8.6465,1.048,0.96,NA,NA
29,Janousek,49.65162,-124.93242,50,21,8.7055,1.67,0.9476190476190476,NA,NA
290,Janousek,46.3053,-123.695,100,5,12.2435,1.006,1.1800000000000002,NA,NA
291,Janousek,46.3054,-123.695,100,4,7.5815,0.81,1.35,NA,NA
292,Janousek,46.3056,-123.6951,100,5,19.66,0.896,1.98,NA,NA
293,Janousek,46.3058,-123.6951,100,4,19.7835,0.895,2.3,NA,NA
294,Janousek,46.306,-123.6951,100,5,25.035,0.8420000000000001,3.32,NA,NA
295,Janousek,48.0817,-123.0463,30,24,13.8866,0.53375,10.53125,NA,NA
296,Janousek,47.0967,-122.7006,30,27,6.0767500000000005,0.0637037037037037,33.24814814814815,NA,NA
297,Janousek,47.0965,-122.7015,49,35,11.218449999999999,0.7057142857142857,3.7485714285714287,NA,NA
299,Janousek,47.0951,-122.7018,49,42,13.9034,0.43547619047619046,6.898809523809524,NA,NA
3,Janousek,38.2023,-122.0274,30,5,13.32225,0.246,19.435,NA,NA
30,Janousek,48.549,-122.501,50,23,9.5724,0.9291304347826087,2.1826086956521737,NA,NA
300,Janousek,48.505,-122.483,23,22,4.24355,1.779090909090909,1.0386363636363636,NA,NA
301,Janousek,46.862,-124.0897,31,31,3.4063,0.13096774193548388,7.9790322580645165,NA,NA
302,Janousek,43.293,-124.325,34,34,2.2644,0.15205882352941177,6.357352941176471,NA,NA
305,Janousek,48.5056,-122.4829,30,29,10.09465,0.4627586206896552,8.132758620689655,NA,NA
307,Janousek,45.37375,-123.96478,50,25,16.7371,0.6335999999999999,5.584,NA,NA
308,Janousek,45.37372,-123.96342,50,25,21.396,0.382,11.236,NA,NA
309,Janousek,45.37236,-123.96444,50,25,22.1361,0.6836,6.732,NA,NA
31,Janousek,48.549,-122.509,50,19,3.9371,1.3273684210526315,0.6052631578947368,NA,NA
310,Janousek,45.37272,-123.96578,50,25,20.54055,0.4212,11.714,NA,NA
311,Janousek,45.37215,-123.96429,50,25,21.4424,0.3172,14.346,NA,NA
312,Janousek,45.37126,-123.96524,50,25,21.4058,0.4588,11.166,NA,NA
313,Janousek,45.36999,-123.96613,50,25,25.07875,0.3448,15.521,NA,NA
314,Janousek,45.36907,-123.96666,50,25,20.5944,0.3992,11.21,NA,NA
315,Janousek,45.36942,-123.96323,50,25,27.6104,0.3432,17.344,NA,NA
316,Janousek,45.37128,-123.96183,50,25,23.76685,0.3536,13.553,NA,NA
317,Janousek,45.37168,-123.96127,50,25,11.9706,0.6492,3.732,NA,NA
318,Janousek,45.37317,-123.96287,50,25,9.844100000000001,0.864,2.5949999999999998,NA,NA
319,Janousek,45.37262,-123.96335,50,25,23.7073,0.432,11.866999999999999,NA,NA
32,Janousek,48.549,-122.514,50,23,6.0632,1.381304347826087,0.8804347826086957,NA,NA
320,Janousek,45.36804,-123.96238,50,25,34.3243,0.3912,17.934,NA,NA
321,Janousek,45.3673,-123.96271,50,25,34.6696,0.3804,18.774,NA,NA
322,Janousek,45.3661,-123.96595,50,25,30.534100000000002,0.3868,16.078,NA,NA
323,Janousek,45.37075,-123.95888,50,25,28.928250000000002,0.3876,15.483,NA,NA
324,Janousek,45.37054,-123.95982,50,25,15.22375,0.7652,4.237,NA,NA
325,Janousek,44.42655,-124.03931,50,24,21.6804,0.36583333333333334,12.027083333333334,NA,NA
326,Janousek,44.42834,-124.04073,50,25,26.2063,0.4524,12.01,NA,NA
327,Janousek,44.4292,-124.04055,50,25,15.1402,0.93,3.274,NA,NA
328,Janousek,44.42488,-124.03357,50,25,18.03295,0.7848,4.789,NA,NA
329,Janousek,44.4238,-124.03346,50,25,23.89585,0.4844,10.415,NA,NA
33,Janousek,48.549,-122.523,50,22,4.90155,1.4354545454545455,0.7056818181818182,NA,NA
330,Janousek,44.42208,-124.03351,51,25,27.07095,0.6156,9.175,NA,NA
331,Janousek,44.42008,-124.01397,50,25,25.1417,0.5688,10.153,NA,NA
332,Janousek,44.42109,-124.01403,50,25,20.9908,0.4972,9.262,NA,NA
333,Janousek,44.42109,-124.0142,50,25,16.6313,0.6716,5.172,NA,NA
334,Janousek,44.43028,-124.02927,50,25,36.0901,0.5416,14.428,NA,NA
335,Janousek,44.4311,-124.02858,50,25,28.2656,0.3912,14.598,NA,NA
336,Janousek,44.43101,-124.02783,50,25,27.0716,0.564,10.37,NA,NA
337,Janousek,44.43214,-124.02782,50,25,23.799500000000002,0.4092,11.798,NA,NA
338,Janousek,45.69017,-123.89616,50,25,19.92285,0.7788,5.297,NA,NA
339,Janousek,45.6904,-123.89472,50,25,16.5232,0.8372,4.029,NA,NA
34,Janousek,48.549,-122.529,50,19,4.43875,1.4563157894736842,0.6236842105263157,NA,NA
340,Janousek,45.68991,-123.88976,50,25,25.212,0.4656,11.903,NA,NA
341,Janousek,45.69814,-123.88978,50,25,22.844,0.5164,10.614,NA,NA
342,Janousek,45.69754,-123.89879,50,25,14.971400000000001,0.65,5.264,NA,NA
343,Janousek,45.70291,-123.90456,50,25,15.8632,1.0948,2.936,NA,NA
344,Janousek,45.70421,-123.90199,50,25,13.7757,0.8072,4.02,NA,NA
345,Janousek,45.70323,-123.89372,50,25,25.39995,0.39,13.167,NA,NA
346,Janousek,45.7033,-123.8956,50,25,25.6913,0.4124,12.694,NA,NA
347,Janousek,45.7022,-123.8983,50,25,21.4104,0.48560000000000003,9.058,NA,NA
348,Janousek,45.7011,-123.8936,50,25,24.8309,0.4848,10.42,NA,NA
349,Janousek,45.7036,-123.9,50,25,20.985500000000002,0.4652,9.334,NA,NA
35,Janousek,48.55,-122.536,50,20,3.8979,1.3745,0.57625,NA,NA
350,Janousek,43.1454,-124.39635,50,25,17.7979,0.6324,6.088,NA,NA
351,Janousek,43.14415,-124.39651,50,25,23.5593,0.5372,13.074,NA,NA
352,Janousek,43.14116,-124.40071,50,25,18.1636,0.7276,8.38,NA,NA
353,Janousek,43.14249,-124.40153,50,25,14.2873,0.8724,5.936,NA,NA
354,Janousek,43.1394,-124.40437,50,25,12.0595,0.954,2.932,NA,NA
355,Janousek,43.13893,-124.40505,50,25,9.2941,1.2968,1.482,NA,NA
356,Janousek,43.13502,-124.40286,50,25,8.7005,1.2,1.47,NA,NA
357,Janousek,43.13018,-124.40729,50,25,20.402,0.7404,6.612,NA,NA
358,Janousek,43.13409,-124.40674,50,25,8.3699,1.2184,1.846,NA,NA
359,Janousek,43.13622,-124.40226,50,25,13.1576,1.0568,3.956,NA,NA
36,Janousek,48.55,-122.544,50,22,4.0404,1.470909090909091,0.5511363636363636,NA,NA
360,Janousek,45.025,-123.96999,50,25,30.9073,0.532,12.224,NA,NA
361,Janousek,45.02601,-123.9719,50,25,29.5868,0.414,14.834,NA,NA
362,Janousek,45.0264,-123.97581,50,24,33.533750000000005,0.5116666666666667,12.80625,NA,NA
363,Janousek,45.02388,-123.97306,50,25,26.90225,0.488,11.645,NA,NA
364,Janousek,45.029,-123.9788,50,25,25.4604,0.5,10.524,NA,NA
365,Janousek,45.02859,-123.97857,50,25,33.061,0.3456,19.798,NA,NA
366,Janousek,45.02684,-123.97819,50,25,36.4779,0.3448,21.576,NA,NA
367,Janousek,45.02504,-123.97515,50,25,33.7087,0.3324,20.812,NA,NA
368,Janousek,45.48274,-123.89545,50,25,23.1597,0.7668,6.398,NA,NA
369,Janousek,45.48137,-123.89361,50,25,24.952399999999997,0.5851999999999999,9.112,NA,NA
37,Janousek,48.227,-122.384,100,43,27.32205,1.013720930232558,3.4465116279069767,NA,NA
370,Janousek,45.46867,-123.8805,50,25,26.451500000000003,0.576,9.274000000000001,NA,NA
371,Janousek,45.469,-123.88519,50,25,23.752200000000002,0.6692,7.564,NA,NA
372,Janousek,45.50962,-123.88386,50,25,28.6482,0.5188,11.252,NA,NA
373,Janousek,45.51025,-123.88378,50,25,38.8173,0.3972,21.214,NA,NA
374,Janousek,46.10026,-123.78333,50,25,19.7275,0.3984,10.184,NA,NA
375,Janousek,46.10576,-123.78404,50,25,25.8942,0.4432,11.87,NA,NA
376,Janousek,46.16869,-123.82468,50,25,17.6218,0.7388,5.06,NA,NA
377,Janousek,46.1676,-123.82514,50,25,30.2298,0.4136,15.204,NA,NA
378,Janousek,46.1676,-123.8262,50,25,33.4127,0.3764,18.326,NA,NA
38,Janousek,48.227,-122.383,50,25,16.2601,1.032,3.238,NA,NA
385,Janousek,47.09329,-122.70051,50,24,17.2914,0.5154166666666666,8.825,NA,NA
386,Janousek,47.09567,-122.69803,50,24,13.376800000000001,0.28958333333333336,9.966666666666667,NA,NA
387,Janousek,47.09337,-122.70092,52,26,15.1542,0.3557692307692308,8.411538461538461,NA,NA
388,Janousek,47.09662,-122.69857,54,27,16.17,0.6240740740740741,7.303703703703704,NA,NA
389,Janousek,47.09661,-122.69878,56,28,15.8714,0.4685714285714286,8.403571428571428,NA,NA
39,Janousek,48.226,-122.383,100,44,19.27355,1.2213636363636364,1.7857954545454546,NA,NA
390,Janousek,47.09662,-122.699,50,25,16.6108,0.3176,13.552,NA,NA
391,Janousek,54.18008,-130.18214,110,5,28.7703,0.578,6.06,NA,NA
392,Janousek,54.18011,-130.1823,90,3,8.4,0.5,2.8,NA,NA
393,Janousek,54.18072,-130.18513,50,2,12.028,1.24,2.1,NA,NA
394,Janousek,54.18108,-130.18519,100,3,26.631,0.64,4.5,NA,NA
395,Janousek,54.18097,-130.18494,100,3,24.406,0.24666666666666667,11.933333333333332,NA,NA
396,Janousek,54.16811,-130.15836,70,2,24.3544,0.355,10.45,NA,NA
397,Janousek,54.16805,-130.1585,100,4,21.608,0.7075,3.1500000000000004,NA,NA
398,Janousek,54.1683,-130.15872,100,4,14.897,1.135,1.3,NA,NA
399,Janousek,54.16633,-130.15577,100,3,23.366999999999997,0.7166666666666667,3.2666666666666666,NA,NA
4,Janousek,38.2021,-122.0281,30,5,13.038250000000001,0.256,16.975,NA,NA
40,Janousek,48.226,-122.383,100,45,23.1423,1.238888888888889,1.9877777777777779,NA,NA
400,Janousek,54.17294,-130.16883,100,5,25.321100000000005,0.766,3.44,NA,NA
401,Janousek,54.17291,-130.16897,100,4,16.0475,1.115,1.625,NA,NA
402,Janousek,54.17286,-130.16905,100,4,10.905000000000001,1.185,0.925,NA,NA
403,Janousek,54.17089,-130.18833,100,4,28.985,0.6175,6.575,NA,NA
404,Janousek,54.17103,-130.18833,100,4,26.565,0.6,4.5,NA,NA
405,Janousek,54.17128,-130.18819,100,4,12.110000000000001,1.28,0.95,NA,NA
406,Janousek,54.17024,-130.18661,100,4,14.1775,1.27,1.125,NA,NA
407,Janousek,54.17008,-130.18672,100,4,20.585,0.97,2.425,NA,NA
408,Janousek,54.17011,-130.18686,100,3,32.390499999999996,0.2833333333333333,13,NA,NA
409,Janousek,54.16933,-130.1853,100,4,30.262500000000003,0.5475,6.55,NA,NA
41,Janousek,48.202,-122.386,100,41,15.7132,1.457560975609756,1.197560975609756,NA,NA
410,Janousek,54.16955,-130.18533,100,4,25.882500000000004,0.7925,3.725,NA,NA
411,Janousek,54.16958,-130.18511,100,4,13.8825,1.255,1.1,NA,NA
412,Janousek,54.16341,-130.15108,100,4,29.1275,0.57,5.9750000000000005,NA,NA
413,Janousek,54.16327,-130.15144,100,4,22.7535,0.7975,3.25,NA,NA
414,Janousek,54.16166,-130.14941,100,4,33.535,0.2675,14.075,NA,NA
415,Janousek,54.16166,-130.14958,100,5,22.4865,0.696,3.58,NA,NA
416,Janousek,54.15858,-130.16616,100,4,39.2975,0.6925,7.225,NA,NA
417,Janousek,54.15852,-130.16586,100,4,22.9445,0.755,3.625,NA,NA
418,Janousek,54.15858,-130.16561,100,4,15.58,1.33,1.175,NA,NA
419,Janousek,54.17883,-130.1803,100,3,38.525,1.34,2.5,NA,NA
42,Janousek,48.202,-122.386,100,41,16.7363,1.4641463414634146,1.2426829268292683,NA,NA
420,Janousek,54.17891,-130.18011,100,3,17.4105,0.5866666666666667,3.833333333333333,NA,NA
421,Janousek,54.17902,-130.17991,100,4,21.565,0.32,7.175,NA,NA
422,Janousek,54.16308,-130.15194,100,4,22.015,1.295,1.7000000000000002,NA,NA
423,Janousek,54.16163,-130.1498,100,4,13.739999999999998,1.2774999999999999,1.075,NA,NA
43,Janousek,48.192,-122.363,100,39,39.2862,1.0346153846153847,2.9038461538461537,NA,NA
44,Janousek,48.191,-122.363,100,43,19.89495,1.1055813953488371,2.2104651162790696,NA,NA
448,Janousek,48.51479,-122.52914,56,25,3.7670000000000003,1.1448,1.844,NA,NA
449,Janousek,38.01001,-121.5569,44,22,16.3299,0.16363636363636364,27.21818181818182,NA,NA
45,Janousek,48.188,-122.363,56,28,10.9389,1.3282142857142858,1.4919642857142856,NA,NA
450,Janousek,38.06091,-121.60976,66,33,26.2144,0.28363636363636363,14.97121212121212,NA,NA
451,Janousek,38.0646,-121.5376,100,40,41.1258,0.2705,19.28,NA,NA
452,Janousek,37.5225,-122.2152,100,25,37.417,0.5824,8.08,NA,NA
453,Janousek,37.5214,-122.2094,100,25,44.608000000000004,0.79,6.06,NA,NA
455,Janousek,37.5119,-122.2192,100,24,41.624,0.96875,4.6875,NA,NA
456,Janousek,37.5198,-122.2327,100,24,46.878,0.7075,6.854166666666667,NA,NA
457,Janousek,37.5199,-122.2251,100,25,34.543,0.5232,7.42,NA,NA
458,Janousek,37.4678,-121.9457,104,26,33.431,0.7219230769230769,4.846153846153846,NA,NA
459,Janousek,37.4546,-121.9469,100,24,36.776,0.9079166666666667,4.072916666666667,NA,NA
46,Janousek,48.187,-122.363,50,25,10.9062,1.4408,1.52,NA,NA
460,Janousek,37.4604,-121.9535,100,25,37.112,0.7676,4.86,NA,NA
461,Janousek,37.4595,-121.9537,100,24,50.5685,1.0575,4.8125,NA,NA
462,Janousek,37.7537,-122.2123,100,26,41.374,0.7726923076923077,5.528846153846154,NA,NA
463,Janousek,37.7536,-122.2133,100,25,44.15,0.492,9.82,NA,NA
464,Janousek,37.5019,-122.1718,100,24,38.718,0.5033333333333333,8.083333333333334,NA,NA
465,Janousek,37.5008,-122.1718,100,25,34.302,0.8036,4.28,NA,NA
466,Janousek,37.4698,-121.9499,100,25,31.35,0.6728,4.72,NA,NA
467,Janousek,37.472,-121.95,100,25,30.846,0.7392,4.2,NA,NA
468,Janousek,37.4795,-121.952,100,24,43.424,0.57625,9.135416666666666,NA,NA
469,Janousek,37.5063,-122.0881,100,25,34.448,0.5836,6.62,NA,NA
47,Janousek,48.201,-122.372,100,45,25.0671,1.0857777777777777,2.7022222222222223,NA,NA
470,Janousek,37.4869,-122.1486,100,24,31.532,0.7783333333333333,4.1875,NA,NA
471,Janousek,37.5514,-122.2403,100,25,44.34,0.8144,5.7,NA,NA
472,Janousek,37.5511,-122.2361,100,24,40.602,0.575,7.916666666666667,NA,NA
473,Janousek,37.4554,-121.9756,102,34,39.464999999999996,0.678235294117647,5.75,NA,NA
474,Janousek,37.458,-121.9749,100,24,37.014,0.85,4.354166666666667,NA,NA
475,Janousek,38.23409,-121.67174,50,25,23.9755,0.5568,8.75,NA,NA
476,Janousek,38.03638,-121.85857,54,27,22.5055,0.19518518518518518,23.53148148148148,NA,NA
477,Janousek,38.03867,-121.85936,52,26,16.3155,0.29923076923076924,10.640384615384615,NA,NA
478,Janousek,38.03759,-121.85904,50,24,18.896900000000002,0.16666666666666666,23.3625,NA,NA
479,Janousek,38.03601,-121.86788,54,27,21.517400000000002,0.3085185185185185,16.744444444444444,NA,NA
48,Janousek,48.2,-122.371,100,44,23.8054,1.0981818181818181,2.3545454545454545,NA,NA
480,Janousek,38.03805,-121.86845,50,25,19.1909,0.3176,12.856,NA,NA
481,Janousek,38.03709,-121.86811,54,27,22.0454,0.3940740740740741,14.642592592592592,NA,NA
482,Janousek,38.00861,-122.48717,50,25,18.4054,0.4408,8.52,NA,NA
483,Janousek,38.01099,-122.48517,54,27,14.6572,0.4348148148148148,6.35,NA,NA
484,Janousek,38.00977,-122.48571,52,26,11.223,0.5411538461538462,4.023076923076923,NA,NA
485,Janousek,38.01205,-122.50027,50,25,17.238500000000002,0.5188,6.686,NA,NA
486,Janousek,38.01538,-122.49852,50,25,13.8367,0.6348,4.426,NA,NA
487,Janousek,38.01387,-122.49944,50,25,15.9079,0.4124,7.746,NA,NA
49,Janousek,48.201,-122.373,100,43,20.9403,1.0976744186046512,2.234883720930233,NA,NA
494,Janousek,38.19396,-122.32321,50,25,14.4395,0.2916,11.252,NA,NA
495,Janousek,38.19611,-122.32103,50,25,13.4818,0.7712,3.516,NA,NA
496,Janousek,38.1948,-122.32229,50,25,14.6629,0.4168,7.632,NA,NA
497,Janousek,38.19241,-122.32333,50,25,15.1122,0.4576,7.23,NA,NA
498,Janousek,38.18979,-122.32291,50,25,14.630700000000001,0.7628,4.324,NA,NA
499,Janousek,38.19595,-122.32569,50,25,15.7808,0.3216,11.876,NA,NA
5,Janousek,38.2023,-122.0285,30,5,14.542875,0.23800000000000002,20.825,NA,NA
50,Janousek,48.201,-122.373,100,42,26.50725,1.0735714285714286,2.482738095238095,NA,NA
500,Janousek,38.1986,-122.32366,50,25,12.7256,0.6488,3.9539999999999997,NA,NA
501,Janousek,38.19781,-122.32535,50,25,14.136800000000001,0.232,12.828,NA,NA
502,Janousek,38.18946,-122.32067,50,25,14.9206,0.5736,6.782,NA,NA
503,Janousek,38.18654,-122.31923,50,25,15.895100000000001,0.4556,7.65,NA,NA
504,Janousek,38.18762,-122.31982,54,27,13.4789,0.47444444444444445,5.687037037037037,NA,NA
51,Janousek,48.217,-122.37,100,40,24.2661,0.73225,3.46625,NA,NA
511,Janousek,38.17819,-122.55355,50,25,14.9267,0.2248,13.475999999999999,NA,NA
512,Janousek,38.17971,-122.54304,50,25,14.1122,0.7608,3.754,NA,NA
513,Janousek,38.17855,-122.54968,50,25,13.6712,0.2824,9.966,NA,NA
514,Janousek,38.16315,-122.55443,52,26,13.7243,0.245,11.025,NA,NA
515,Janousek,38.15877,-122.55368,50,25,14.1562,0.7692,3.738,NA,NA
516,Janousek,38.16128,-122.55406,52,26,14.2342,0.45153846153846156,6.142307692307693,NA,NA
517,Janousek,38.19149,-122.01363,52,26,19.266099999999998,0.32346153846153847,12.878846153846153,NA,NA
518,Janousek,38.18954,-122.01191,50,25,17.5582,0.632,6.2059999999999995,NA,NA
519,Janousek,38.19053,-122.01279,50,24,21.7955,0.42875,14.210416666666667,NA,NA
52,Janousek,48.217,-122.37,100,44,28.3539,0.8488636363636364,3.3988636363636364,NA,NA
520,Janousek,38.20234,-122.03694,50,25,20.9111,0.3428,12.506,NA,NA
521,Janousek,38.20242,-122.03942,52,26,19.3563,0.30423076923076925,13.921153846153846,NA,NA
522,Janousek,38.20225,-122.03844,52,26,22.9947,0.19576923076923078,24.33653846153846,NA,NA
529,Janousek,37.50215,-122.10011,52,26,12.3517,0.4673076923076923,5.4423076923076925,NA,NA
53,Janousek,48.216,-122.37,100,43,22.9496,0.9011627906976745,2.6965116279069767,NA,NA
530,Janousek,37.49982,-122.09796,50,25,11.3996,0.5628,4.0680000000000005,NA,NA
531,Janousek,37.50082,-122.09895,52,26,12.2076,0.6065384615384616,3.9096153846153845,NA,NA
532,Janousek,37.50683,-122.09317,50,25,11.3443,0.43,5.416,NA,NA
533,Janousek,37.50288,-122.0889,52,26,15.1274,0.5673076923076923,5.155769230769231,NA,NA
534,Janousek,37.50433,-122.09128,50,25,12.1225,0.5,4.844,NA,NA
535,Janousek,49.0875,-125.7324,100,47,16.37508,0.33808510638297873,8.84468085106383,NA,NA
536,Janousek,49.0876,-125.7326,63.3,38,10.948285,0.4018421052631579,8.255263157894737,NA,NA
537,Janousek,49.0876,-125.7327,66,59,27.698175000000003,0.5901694915254238,10.416101694915254,NA,NA
538,Janousek,49.0877,-125.7328,50,25,7.88975,0.44,8.11,NA,NA
54,Janousek,48.216,-122.37,100,45,20.97265,0.9217777777777778,2.5566666666666666,NA,NA
542,Janousek,49.1411,-125.6696,50,25,14.135420000000002,0.194,20.312,NA,NA
543,Janousek,49.1414,-125.6662,62,47,22.067305,0.2425531914893617,24.24468085106383,NA,NA
544,Janousek,49.1414,-125.6663,50,39,20.29053,0.3,20.98846153846154,NA,NA
545,Janousek,49.1415,-125.6664,30,25,13.7513,0.1484,33.888,NA,NA
547,Janousek,49.1416,-125.6664,30,20,9.96015,0.151,21.83,NA,NA
548,Janousek,49.1414,-125.6662,30,30,16.19025,0.16033333333333333,36.45666666666666,NA,NA
549,Janousek,49.1414,-125.6661,50,32,20.805995,0.1209375,34.25,NA,NA
550,Janousek,49.1414,-125.6661,30,20,10.1148,0.3555,17.552500000000002,NA,NA
552,Janousek,49.2791,-125.9075,50,39,21.25327,0.14307692307692307,32.05384615384615,NA,NA
553,Janousek,49.279,-125.9076,30,16,9.295065000000001,0.09,34.621875,NA,NA
554,Janousek,49.2794,-125.9093,51,37,15.838434999999999,0.24297297297297296,22.852702702702704,NA,NA
555,Janousek,49.2792,-125.9093,50,27,15.48859,0.14925925925925926,28.914814814814815,NA,NA
556,Janousek,49.2789,-125.911,50,33,18.17728,0.2578787878787879,28.48181818181818,NA,NA
557,Janousek,49.2788,-125.9109,50,24,19.867835,0.2525,26.720833333333335,NA,NA
558,Janousek,49.137,-125.6708,30,22,9.503065,0.2240909090909091,20.870454545454546,NA,NA
560,Janousek,49.1371,-125.6709,30,13,4.270585,0.2,13.78076923076923,NA,NA
561,Janousek,49.1372,-125.671,30,11,5.7816,0.18636363636363637,17.404545454545456,NA,NA
564,Janousek,49.1301,-125.6991,30,16,29.559587500000003,0.68125,21.2734375,NA,NA
565,Janousek,49.1301,-125.8869,55,28,12.751705000000001,0.33285714285714285,14.283928571428572,NA,NA
566,Janousek,49.1302,-125.8869,30,26,9.928460000000001,0.3046153846153846,13.705769230769231,NA,NA
567,Janousek,49.1299,-125.8866,50,30,12.624742500000002,0.6306666666666667,7.58,NA,NA
568,Janousek,49.1302,-125.8867,30,24,12.00346,0.41250000000000003,16.117708333333333,NA,NA
569,Janousek,43.31959,-124.33137,50,19,14.587,0.36947368421052634,8.131578947368421,NA,NA
570,Janousek,43.28313,-124.32325,50,17,12.9412,0.48058823529411765,9.594117647058823,NA,NA
571,Janousek,48.48658,-122.5175,54,27,7.23565,1.3174074074074074,1.0453703703703703,NA,NA
572,Janousek,48.48658,-122.5175,50,25,5.8149999999999995,1.2984,0.955,NA,NA
573,Janousek,48.5044,-122.5263,50,17,5.71825,1.4817647058823529,0.7544117647058823,NA,NA
574,Janousek,48.5044,-122.5263,30,14,3.7162,1.47,0.8392857142857143,NA,NA
575,Janousek,48.54827,-122.55461,70,35,7.7214,1.3771428571428572,0.8114285714285714,NA,NA
576,Janousek,48.54828,-122.55461,72,36,8.5214,1.521388888888889,0.7840277777777778,NA,NA
577,Janousek,48.56236,-122.5162,98,44,14.01525,1.3254545454545454,1.034659090909091,NA,NA
578,Janousek,48.559,-122.5083,100,41,10.71195,1.4880487804878049,0.7439024390243902,NA,NA
579,Janousek,48.57888,-122.5406,30,15,3.36315,1.6786666666666668,0.6583333333333333,NA,NA
580,Janousek,48.57913,-122.5406,52,26,5.2493,1.5473076923076923,0.6538461538461539,NA,NA
581,Janousek,48.59956,-122.50273,60,30,8.7499,1.4683333333333333,1.03,NA,NA
582,Janousek,48.59234,-122.50273,74,37,7.41995,1.3921621621621623,0.720945945945946,NA,NA
583,Janousek,48.35107,-122.534,50,25,6.72525,1.3124,1.089,NA,NA
584,Janousek,48.35107,-122.534,100,42,12.8463,1.4023809523809523,0.8809523809523809,NA,NA
585,Janousek,48.32825,-122.50154,50,25,11.20345,1.2816,1.989,NA,NA
586,Janousek,48.32825,-122.50154,50,25,5.5198,1.4568,0.794,NA,NA
587,Janousek,48.30213,-122.44812,50,25,6.2417,1.4008,0.896,NA,NA
588,Janousek,48.30213,-122.44812,50,25,6.0542,1.414,0.882,NA,NA
589,Janousek,48.2777,-122.46978,50,25,6.21735,1.38,0.905,NA,NA
590,Janousek,48.2777,-122.46978,50,25,7.1608,1.4752,0.981,NA,NA
591,Janousek,32.567,-117.1309,50,23,11.7644,0.6021739130434782,4.089130434782609,NA,NA
592,Janousek,32.5669,-117.1303,50,23,14.6614,0.71,4.406521739130435,NA,NA
593,Janousek,32.5667,-117.1297,50,23,13.206100000000001,1.3921739130434783,2.758695652173913,NA,NA
594,Janousek,32.5718,-117.1297,50,23,14.4975,0.5695652173913044,5.4369565217391305,NA,NA
595,Janousek,32.572,-117.1304,50,23,14.309999999999999,0.8173913043478261,3.617391304347826,NA,NA
596,Janousek,32.5723,-117.1311,50,23,15.2253,0.6991304347826087,4.397826086956521,NA,NA
599,Janousek,38.11,-122.86,30,11,13.21235,1.1390909090909092,3.993181818181818,NA,NA
6,Janousek,38.2016,-122.0284,30,5,13.11975,0.23800000000000002,18.87,NA,NA
602,Janousek,38.11,-122.86,30,11,13.207500000000001,1.039090909090909,4.090909090909091,NA,NA
603,Janousek,38.16,-122.9,30,12,4.553999999999999,1.2383333333333333,1.4083333333333332,NA,NA
604,Janousek,38.16,-122.9,30,15,2.6297,1.278,0.6983333333333334,NA,NA
605,Janousek,38.16,-122.9,22.5,11,6.7261,0.5581818181818182,5.256818181818182,NA,NA
606,Janousek,38.16,-122.9,30,11,1.4429,1.2727272727272727,0.29545454545454547,NA,NA
607,Janousek,38.16,-122.9,30,13,3.3553,1.2430769230769232,0.9230769230769231,NA,NA
608,Janousek,38.16,-122.9,30,12,4.8205,0.5133333333333333,3.529166666666667,NA,NA
609,Janousek,38.16,-122.9,30,12,6.8454,0.5458333333333333,4.025,NA,NA
610,Janousek,38.32,-123.05,30,12,6.045599999999999,2.465,0.8875,NA,NA
614,Janousek,38.32,-123.05,30,14,5.5923,2.637857142857143,0.7035714285714285,NA,NA
615,Janousek,38.32,-123.05,30,13,4.9797,2.3353846153846156,0.7846153846153846,NA,NA
617,Janousek,38.21,-122.94,30,14,4.7865,2.657857142857143,0.6285714285714286,NA,NA
618,Janousek,38.21,-122.94,30,12,4.2167,2.4516666666666667,0.5645833333333333,NA,NA
619,Janousek,38.21,-122.94,30,13,4.3764,2.663846153846154,0.5673076923076923,NA,NA
620,Janousek,38.21,-122.94,30,11,2.9156999999999997,2.6963636363636363,0.38181818181818183,NA,NA
623,Janousek,33.61,-117.9,30,13,7.6849,0.7330769230769231,3.3384615384615386,NA,NA
627,Janousek,33.61,-117.9,30,11,8.0885,0.78,3.4909090909090907,NA,NA
63,Janousek,48.0444,-122.2048,66,32,18.4553,0.6459375,4.475,NA,NA
631,Janousek,33.62597,-117.88922,30,13,4.2092,1.28,2.4115384615384614,NA,NA
632,Janousek,33.6249,-117.88881,29,12,11.131400000000001,0.6791666666666667,7.422916666666667,NA,NA
634,Janousek,33.62853,-117.8884,30,12,9.5291,0.3875,9.95,NA,NA
635,Janousek,36.8182,-121.76552,30,12,11.6369,0.55,7.6875,NA,NA
636,Janousek,36.81745,-121.76419,30,11,11.4942,0.27999999999999997,12.959090909090909,NA,NA
637,Janousek,36.81294,-121.76804,30,11,13.8625,0.5418181818181819,7.968181818181818,NA,NA
638,Janousek,36.81749,-121.7642,30,13,10.318100000000001,0.6423076923076924,6.753846153846154,NA,NA
64,Janousek,48.0444,-122.2048,50,21,11.2672,0.53,4.347619047619047,NA,NA
644,Janousek,38.32317,-123.05144,30,11,17.3517,1.0163636363636364,5.890909090909091,NA,NA
645,Janousek,38.32315,-123.0516,30,11,2.7043,1.009090909090909,0.9,NA,NA
646,Janousek,38.32315,-123.0517,30,11,19.075499999999998,1.079090909090909,5.463636363636364,NA,NA
647,Janousek,38.32315,-123.05181,30,11,2.5963,1.0572727272727274,0.8681818181818182,NA,NA
65,Janousek,48.0444,-122.2048,54,27,13.634,0.4177777777777778,6.496296296296296,NA,NA
652,Janousek,38.31245,-123.05428,30,11,8.3025,1.0045454545454546,3.9,NA,NA
653,Janousek,38.31245,-123.05432,30,11,1.6438,1.0554545454545454,0.5454545454545454,NA,NA
655,Janousek,51.6453,-128.1193,50,13,5.1269,1.4453846153846153,0.7461538461538462,NA,NA
656,Janousek,51.6471,-128.1204,30,7,2.4165,1.487142857142857,0.5285714285714286,NA,NA
657,Janousek,51.6466,-128.1198,30,6,1.6644999999999999,1.5766666666666667,0.35,NA,NA
658,Janousek,51.6466,-128.1191,30,7,2.5335,1.4157142857142857,0.6142857142857143,NA,NA
659,Janousek,51.6459,-128.1194,30,6,2.871,1.3616666666666666,0.7,NA,NA
660,Janousek,51.6453,-128.1193,30,6,2.5765,1.435,0.6,NA,NA
661,Janousek,51.6447,-128.1198,30,6,2.526,1.5483333333333333,0.55,NA,NA
662,Janousek,51.649,-128.119,30,6,3.559,1.48,0.7833333333333333,NA,NA
663,Janousek,51.649,-128.119,30,7,1.867,1.3342857142857143,0.5,NA,NA
664,Janousek,51.649,-128.119,30,7,2.3515,1.3685714285714285,0.5857142857142857,NA,NA
665,Janousek,51.7803,-127.8709,50,13,1.355,1.3884615384615384,0.2,NA,NA
666,Janousek,51.7815,-127.8657,30,6,1.703,1.7866666666666666,0.31666666666666665,NA,NA
667,Janousek,51.7802,-127.8706,30,6,1.526,1.9,0.26666666666666666,NA,NA
668,Janousek,51.7793,-127.8719,30,6,1.193,1.8966666666666667,0.21666666666666667,NA,NA
669,Janousek,51.7817,-127.866,30,6,1.573,1.6616666666666666,0.31666666666666665,NA,NA
670,Janousek,51.7803,-127.8709,30,6,4.0795,1.8433333333333333,0.7666666666666666,NA,NA
671,Janousek,51.7793,-127.8721,30,6,1.6260000000000001,1.56,0.35,NA,NA
672,Janousek,51.781,-127.868,27,6,1.1345,1.8016666666666667,0.23333333333333334,NA,NA
673,Janousek,51.781,-127.868,30,5,2.175,1.786,0.48,NA,NA
674,Janousek,51.781,-127.868,30,6,1.2375,1.8966666666666665,0.21666666666666667,NA,NA
675,Janousek,51.8087,-128.2359,50,13,5.1217999999999995,1.2453846153846153,0.8769230769230769,NA,NA
676,Janousek,51.8099,-128.2355,30,6,2.521,1.1266666666666667,0.75,NA,NA
677,Janousek,51.81,-128.2347,30,6,1.1135000000000002,1.0616666666666668,0.35,NA,NA
678,Janousek,51.8094,-128.2338,30,6,1.0765,1.1949999999999998,0.3,NA,NA
679,Janousek,51.8092,-128.2352,30,7,3.5305,1.2285714285714286,0.9714285714285714,NA,NA
680,Janousek,51.8087,-128.2359,30,6,4.5085,1.2533333333333334,1.2,NA,NA
681,Janousek,51.8083,-128.2365,30,6,2.4034999999999997,1.38,0.5833333333333333,NA,NA
682,Janousek,51.809,-128.236,30,6,2.197,1.1616666666666666,0.6333333333333333,NA,NA
683,Janousek,51.809,-128.236,30,6,1.7995,1.025,0.5833333333333334,NA,NA
684,Janousek,51.809,-128.236,30,6,2.7845,1.1466666666666667,0.8166666666666667,NA,NA
685,Janousek,52.0614,-128.4132,69,17,5.283,1.3864705882352941,0.5529411764705883,NA,NA
686,Janousek,52.0611,-128.4134,30,7,3.6805000000000003,1.762857142857143,0.6428571428571429,NA,NA
687,Janousek,52.0621,-128.4139,30,6,3.4575,1.5916666666666666,0.7333333333333334,NA,NA
688,Janousek,52.0615,-128.4122,30,5,4.9185,1.702,1.08,NA,NA
689,Janousek,52.0614,-128.4126,30,7,6.124499999999999,1.6242857142857143,1.1714285714285715,NA,NA
690,Janousek,52.0614,-128.4132,30,6,3.3355,1.5516666666666667,0.7166666666666667,NA,NA
691,Janousek,52.0616,-128.4137,30,6,1.0815000000000001,1.5516666666666667,0.23333333333333334,NA,NA
692,Janousek,52.062,-128.413,30,7,0.8285,1.5671428571428572,0.17142857142857143,NA,NA
693,Janousek,52.062,-128.413,30,6,2.181,1.5150000000000001,0.48333333333333334,NA,NA
694,Janousek,52.062,-128.413,30,6,3.6889999999999996,1.5,0.85,NA,NA
695,Janousek,51.9228,-128.4645,100,20,2.6359,1.365,0.21000000000000002,NA,NA
696,Janousek,51.9242,-128.4619,30,6,0.8234999999999999,1.1766666666666665,0.23333333333333334,NA,NA
697,Janousek,51.9227,-128.4628,30,6,1.1255,1.1283333333333334,0.3333333333333333,NA,NA
698,Janousek,51.9224,-128.4663,30,6,0.858,1.36,0.21666666666666667,NA,NA
699,Janousek,51.9239,-128.4675,30,7,1.079,1.3314285714285714,0.2714285714285714,NA,NA
700,Janousek,51.9228,-128.4645,30,6,0.9075,1.3900000000000001,0.21666666666666667,NA,NA
701,Janousek,51.924,-128.4641,30,6,1.0225,1.28,0.26666666666666666,NA,NA
703,Janousek,51.923,-128.46,30,6,1.2195,1.1633333333333333,0.35,NA,NA
704,Janousek,51.923,-128.46,30,6,0.7275,1.32,0.18333333333333335,NA,NA
705,Janousek,51.6735,-128.118,100,21,3.2887,1.2976190476190477,0.2380952380952381,NA,NA
706,Janousek,51.6788,-128.1148,30,7,0.8045000000000001,1.802857142857143,0.14285714285714288,NA,NA
707,Janousek,51.6726,-128.1172,30,6,0.8410000000000001,1.6616666666666666,0.16666666666666669,NA,NA
708,Janousek,51.6749,-128.1237,30,6,0.8005000000000001,1.58,0.16666666666666669,NA,NA
709,Janousek,51.6745,-128.1178,30,7,0.8530000000000001,1.7128571428571429,0.15714285714285714,NA,NA
710,Janousek,51.6735,-128.118,30,6,0.767,1.7033333333333334,0.15000000000000002,NA,NA
711,Janousek,51.6748,-128.1195,30,7,0.9015000000000001,1.6242857142857143,0.17142857142857143,NA,NA
712,Janousek,51.678,-128.119,30,6,0.6980000000000001,1.7516666666666667,0.13333333333333333,NA,NA
713,Janousek,51.678,-128.119,100,8,1.8310000000000002,1.74,0.1125,NA,NA
714,Janousek,51.678,-128.119,30,6,0.8265,1.6383333333333332,0.16666666666666669,NA,NA
715,Janousek,43.4544,-124.2072,100,10,18.6704,0.872,3.2600000000000002,NA,NA
716,Janousek,43.2792,-124.3184,100,9,38.47,0.30666666666666664,15.233333333333334,NA,NA
717,Janousek,46.3078,-123.69019,55,3,24.022599999999997,0.5833333333333334,7.5,NA,NA
718,Janousek,46.3078,-123.69019,59,5,23.147100000000002,0.638,7.5600000000000005,NA,NA
719,Janousek,46.3078,-123.69019,137,8,42.15,0.68875,5.725,NA,NA
72,Janousek,48.0314,-122.1548,56,28,21.171499999999998,0.4982142857142857,9.127678571428572,NA,NA
720,Janousek,49,-123.1,30,6,3.6535,1.3366666666666667,0.9083333333333333,NA,NA
721,Janousek,49,-123.1,30,6,3.46,1.3416666666666668,0.8583333333333333,NA,NA
722,Janousek,49,-123.1,30,6,2.712,1.275,0.7083333333333334,NA,NA
723,Janousek,54.19,-130.24,30,6,2.61125,1.47,0.5916666666666667,NA,NA
724,Janousek,54.19,-130.24,30,5,1.2710000000000001,1.104,0.41000000000000003,NA,NA
725,Janousek,54.19,-130.24,30,6,1.788,1.43,0.4166666666666667,NA,NA
726,Janousek,44.61,-124.01,35,7,11.05175,2.05,1.542857142857143,NA,NA
727,Janousek,44.61,-124.01,25,5,9.01725,2.092,1.73,NA,NA
728,Janousek,44.61,-124.01,30,6,10.558,2.045,1.725,NA,NA
729,Janousek,38.32,-123.05,30,5,1.6429999999999998,1.602,0.33999999999999997,NA,NA
73,Janousek,48.0314,-122.1548,50,24,13.7248,0.4116666666666667,7.1875,NA,NA
730,Janousek,38.32,-123.05,30,6,1.12775,1.5,0.25,NA,NA
731,Janousek,38.32,-123.05,30,6,1.11475,1.585,0.23333333333333334,NA,NA
732,Janousek,37.95,-122.41,30,6,1.0195,1.13,0.2916666666666667,NA,NA
733,Janousek,37.95,-122.41,30,6,0.5275,1.1666666666666667,0.15,NA,NA
734,Janousek,37.95,-122.41,30,6,0.50075,1.175,0.14166666666666666,NA,NA
735,Janousek,32.7,-117.17,30,6,1.6375,1.2783333333333333,0.425,NA,NA
736,Janousek,32.7,-117.17,30,6,1.4625,1.3483333333333334,0.35833333333333334,NA,NA
737,Janousek,32.7,-117.17,30,6,2.9099999999999997,1.285,0.7666666666666667,NA,NA
738,Janousek,30.42,-115.96,30,6,3.925,1.455,0.9,NA,NA
739,Janousek,30.42,-115.96,30,6,3.7657499999999997,1.44,0.8916666666666666,NA,NA
74,Janousek,48.0085,-122.1483,100,45,31.81905,0.46266666666666667,7.786111111111111,NA,NA
740,Janousek,30.42,-115.96,30,6,4.16475,1.425,1.0083333333333333,NA,NA
741,Janousek,24.5511,-111.7373,100,4,48.583,1.0325,4.65,NA,NA
742,Janousek,24.5506,-111.7371,100,3,9.2756,1.8533333333333333,0.9,NA,NA
743,Janousek,24.5773,-111.799,120,2,16.636499999999998,1.9649999999999999,1.25,NA,NA
744,Janousek,24.5765,-111.8006,121,3,42.729299999999995,1.6433333333333333,1.8333333333333333,NA,NA
745,Janousek,24.5766,-111.8006,126,4,45.4474,1.465,2.6,NA,NA
746,Janousek,24.3106,-110.3183,120,2,15.38,1.615,0.75,NA,NA
747,Janousek,24.3102,-110.3186,118,3,37.707300000000004,1.47,1.7333333333333334,NA,NA
748,Janousek,24.3123,-110.3169,163,2,22.293999999999997,2.48,0.45,NA,NA
749,Janousek,24.3221,-110.3168,100,4,178.1595,1.5474999999999999,10.425,NA,NA
75,Janousek,48.0085,-122.1483,100,42,29.127,0.5980952380952381,5.645238095238095,NA,NA
750,Janousek,24.3149,-110.3148,119,3,90.13480000000001,0.5633333333333334,11.566666666666666,NA,NA
751,Janousek,24.3149,-110.3146,197,2,85.2636,1.095,3.9499999999999997,NA,NA
752,Janousek,24.3011,-110.3267,214,2,132.395,1.41,5.3,NA,NA
753,Janousek,24.3011,-110.3267,205,2,171.96480000000003,1.095,7.1,NA,NA
754,Janousek,24.2494,-110.3128,60,2,54.763000000000005,0.88,10.25,NA,NA
755,Janousek,24.2494,-110.3128,54,2,64.0413,0.9450000000000001,12.8,NA,NA
756,Janousek,24.2494,-110.3128,51,1,41.2284,0.94,8.6,NA,NA
757,Janousek,24.2494,-110.3128,100,5,99.5102,0.848,12.02,NA,NA
758,Janousek,24.2494,-110.3128,100,5,95.3501,0.89,10.74,NA,NA
759,Janousek,24.2494,-110.3128,61,3,56.70740000000001,0.8333333333333334,11.966666666666667,NA,NA
760,Janousek,24.2494,-110.3128,50,3,52.4281,0.8366666666666667,12.200000000000001,NA,NA
761,Janousek,24.4328,-110.3469,123,3,92.36340000000001,0.9866666666666667,7.933333333333334,NA,NA
762,Janousek,24.4328,-110.3469,114,3,87.1324,0.9733333333333334,8,NA,NA
763,Janousek,24.8692,-110.5756,128,2,168.95520000000002,0.625,21.05,NA,NA
777,Janousek,51.646,-128.119,100,17,12.9875,1.3905882352941177,0.788235294117647,NA,NA
778,Janousek,51.646,-128.119,50,13,2.8755,1.4107692307692308,0.5307692307692308,NA,NA
779,Janousek,51.646,-128.119,50,13,3.5532,1.4438461538461538,0.5,NA,NA
780,Janousek,47.522,-122.508,50,14,1.0196,1.4292857142857143,0.14285714285714288,NA,NA
781,Janousek,47.522,-122.508,50,14,1.4833,1.4257142857142857,0.19285714285714287,NA,NA
782,Janousek,47.522,-122.508,50,13,2.0141999999999998,1.4123076923076923,0.26153846153846155,NA,NA
784,Janousek,47.334,-122.491,30,11,1.7514,1.470909090909091,0.4272727272727273,NA,NA
785,Janousek,47.334,-122.491,30,11,1.5766,1.4081818181818182,0.36363636363636365,NA,NA
786,Janousek,43.3,-124.323,100,18,16.5515,0.9866666666666667,1.6888888888888889,NA,NA
787,Janousek,43.3,-124.323,100,17,17.2938,0.9641176470588235,1.8058823529411765,NA,NA
788,Janousek,43.3,-124.323,100,18,15.496400000000001,0.9338888888888889,1.6944444444444444,NA,NA
789,Janousek,43.3112,-124.32,100,18,9.5854,1.2383333333333333,0.8944444444444445,NA,NA
790,Janousek,43.3112,-124.32,100,18,12.0342,1.3366666666666667,0.8444444444444444,NA,NA
791,Janousek,43.3112,-124.32,100,18,17.3121,1.3272222222222223,1.3333333333333333,NA,NA
792,Janousek,49.2176,-125.9302,50,50,4.3985,1.1646,0.753,NA,NA
793,Janousek,49.2176,-125.9302,30,30,2.9909,1.1566666666666665,0.8666666666666667,NA,NA
794,Janousek,49.2176,-125.9302,50,37,3.5321000000000002,1.1548648648648647,0.6378378378378379,NA,NA
795,Janousek,49.2176,-125.9302,50,36,3.9353499999999997,1.1616666666666666,0.7458333333333333,NA,NA
796,Janousek,49.2178,-125.9306,30,30,2.79995,1.1629999999999998,0.8016666666666666,NA,NA
797,Janousek,49.2178,-125.93,30,30,2.5315250000000002,1.1156666666666668,0.7566666666666667,NA,NA
798,Janousek,49.1113,-125.7698,50,40,4.57545,1.09575,0.83,NA,NA
799,Janousek,49.1113,-125.7698,30,30,3.7746,1.1573333333333333,1.0883333333333334,NA,NA
8,Janousek,38.2035,-122.0274,30,5,12.078875,0.23600000000000002,18.06,NA,NA
800,Janousek,49.1113,-125.7698,50,44,4.900775,1.17,0.865909090909091,NA,NA
801,Janousek,49.1113,-125.7698,50,48,4.4619,1.1681249999999999,0.7604166666666666,NA,NA
802,Janousek,49.1113,-125.7698,50,36,4.95315,1.1452777777777778,0.8291666666666667,NA,NA
803,Janousek,49.1113,-125.7698,50,41,6.47305,1.175609756097561,1.1146341463414635,NA,NA
804,Janousek,49.1392,-125.6722,30,30,5.9737,1.3503333333333334,1.5133333333333334,NA,NA
805,Janousek,49.1392,-125.6722,30,30,5.94455,1.3666666666666667,1.4866666666666666,NA,NA
806,Janousek,49.1392,-125.6722,50,40,8.903075,1.37075,1.3643750000000001,NA,NA
807,Janousek,49.1392,-125.6722,30,28,4.6686250000000005,1.2446428571428572,1.2794642857142857,NA,NA
808,Janousek,49.1392,-125.6722,30,25,4.17405,1.25,1.156,NA,NA
809,Janousek,49.1392,-125.6722,30,22,5.2099,1.1736363636363636,1.7045454545454546,NA,NA
810,Janousek,43.14239,-124.4035,30,15,11.5818,0.5586666666666666,8.96,NA,NA
811,Janousek,43.14011,-124.40222,30,11,10.306000000000001,0.42,10.454545454545455,NA,NA
812,Janousek,43.36711,-124.17011,50,25,18.659100000000002,0.4368,11.068,NA,NA
813,Janousek,43.37111,-124.16991,50,25,21.858,0.422,11.474,NA,NA
814,Janousek,47.342,-123.143,50,25,18.1625,0.7256,12.112,NA,NA
815,Janousek,47.342,-123.143,50,25,21.9323,0.162,27.512,NA,NA
816,Janousek,47.342,-123.143,50,25,18.8616,0.2304,19.214,NA,NA
817,Janousek,47.092,-122.694,50,24,17.2686,0.5804166666666667,6.972916666666666,NA,NA
818,Janousek,47.092,-122.694,50,25,9.8324,0.6468,3.082,NA,NA
819,Janousek,44.88809,-123.99564,50,25,20.6525,0.532,8.454,NA,NA
820,Janousek,44.89231,-124.00279,50,25,21.313299999999998,0.7084,6.498,NA,NA
821,Janousek,46.37203,-124.00586,50,25,18.3348,0.3636,11.516,NA,NA
822,Janousek,48.191,-122.365,50,25,11.522400000000001,0.8792,2.694,NA,NA
823,Janousek,48.191,-122.365,50,25,10.7621,1.0456,2.234,NA,NA
824,Janousek,46.98,-123.929,50,25,8.6451,0.9852,4.156,NA,NA
825,Janousek,46.98,-123.929,50,25,15.7516,0.5312,6.754,NA,NA
826,Janousek,45.74457,-123.85735,50,21,17.754550000000002,0.42857142857142855,9.15,NA,NA
827,Janousek,46.94239,-123.7215,50,19,19.4215,0.5173684210526316,9.023684210526316,NA,NA
828,Janousek,46.88191,-123.95831,50,20,26.90745,0.40900000000000003,15.950000000000001,NA,NA
829,Janousek,46.30689,-123.69056,50,25,19.6345,0.8616,5.119,NA,NA
830,Janousek,46.19225,-123.5802,50,25,23.0125,0.5604,8.399000000000001,NA,NA
831,Janousek,48.01323,-122.15087,50,20,18.7352,0.7305,6.50125,NA,NA
832,Janousek,43.36821,-124.18502,50,19,15.73925,0.24526315789473685,14.047368421052632,NA,NA
833,Janousek,49.2176,-125.9302,30,30,2.2063,1.14,0.645,NA,NA
834,Janousek,49.1113,-125.7698,30,29,3.1565,1.2113793103448276,0.8672413793103448,NA,NA
835,Janousek,49.1392,-125.6722,30,25,4.37155,1.3972,1.034,NA,NA
836,Janousek,55.67264,-133.378,50,21,27.9574,1.3838095238095238,4.271428571428571,NA,NA
837,Janousek,55.7073,-133.342,50,22,11.1117,1.1859090909090908,2.081818181818182,NA,NA
838,Janousek,55.80692,-133.171,50,25,9.480599999999999,0.852,2.332,NA,NA
839,Janousek,55.73361,-133.29,50,25,8.6462,1.0228,1.73,NA,NA
840,Janousek,55.862405,-133.19072,30,15,6.797,0.9093333333333333,2.546666666666667,NA,NA
841,Janousek,55.739816,-133.31202,50,23,25.7935,1.0204347826086957,4.843478260869565,NA,NA
842,Janousek,55.62082,-133.38664,50,25,7.6651,1.4136,1.102,NA,NA
843,Janousek,55.26366,-132.995,50,20,25.6338,1.4735,3.5225,NA,NA
844,Janousek,55.19286,-132.9,30,15,5.1316,1.5826666666666667,1.1,NA,NA
845,Janousek,55.22962,-132.925,30,15,5.2505,1.3266666666666667,1.44,NA,NA
846,Janousek,55.25051,-132.883,50,25,8.7643,0.9843999999999999,2.284,NA,NA
847,Janousek,55.0848,-132.826,50,25,31.6248,1.7372,3.73,NA,NA
849,Janousek,55.155625,-132.58993,30,15,3.854,1.638,0.8066666666666666,NA,NA
850,Janousek,55.49709,-133.17,50,20,8.2003,1.095,1.3375,NA,NA
851,Janousek,55.48442,-133.175,30,15,4.4626,1.3533333333333333,1.1466666666666667,NA,NA
852,Janousek,55.52904,-133.147,50,25,9.8793,1.2088,2.0140000000000002,NA,NA
853,Janousek,55.59929,-133.16,50,25,25.2058,0.8604,7.306,NA,NA
854,Janousek,55.344914,-133.0011,50,25,8.0489,1.8888,0.864,NA,NA
855,Janousek,55.5535,-133.43139,50,25,10.8222,1.8235999999999999,1.3860000000000001,NA,NA
856,Janousek,55.282137,-133.33403,50,25,29.7369,1.0904,5.716,NA,NA
861,Janousek,43.2728,-124.31897,50,25,20.00973,0.3628,16.984,NA,NA
862,Janousek,43.27281,-124.31943,50.2,25,24.36926,0.3208,18.828,NA,NA
875,Janousek,43.41875,-124.1906,31.2,16,7.95076,0.258125,10.475,NA,NA
876,Janousek,43.3724,-124.1721,31.1,16,8.4557,0.33187500000000003,8.94375,NA,NA
879,Janousek,43.2833,-124.3233,50.1,21,16.33388,0.22666666666666666,14.67142857142857,NA,NA
88,Janousek,46.474,-124.028,30,6,6.3534999999999995,0.92,2.3,NA,NA
881,Janousek,44.58127,-123.99446,50,22,16.19644,0.30272727272727273,12.963636363636363,NA,NA
882,Janousek,44.58996,-123.94499,47.300000000000004,21,13.53003,0.6657142857142857,8.823809523809524,NA,NA
883,Janousek,44.56245,-123.99946,50.1,22,13.693610000000001,0.52,6.818181818181818,NA,NA
884,Janousek,44.57333,-124.0193,50.1,23,12.3854,0.3456521739130435,7.782608695652174,NA,NA
885,Janousek,44.41739,-124.01014,50,20,12.488380000000001,0.44,7.13,NA,NA
886,Janousek,44.42587,-124.03914,50.9,18,13.90494,0.4722222222222222,6.427777777777778,NA,NA
887,Janousek,44.42675,-124.03195,49.9,21,14.15004,0.3780952380952381,8.757142857142856,NA,NA
888,Janousek,45.02965,-123.97933,50,23,17.47175,0.42043478260869566,8.917391304347825,NA,NA
89,Janousek,46.474,-124.028,30,6,6.1739999999999995,0.9183333333333333,2.2583333333333333,NA,NA
890,Janousek,44.42842,-124.05683,50,23,13.33401,0.33,8.682608695652174,NA,NA
891,Janousek,45.48103,-123.89572,100.1,25,20.36875,0.5516,4.604,NA,NA
892,Janousek,45.18157,-123.96055,50.3,25,9.3284300000000009,0.6564,3.428,NA,NA
893,Janousek,45.1841,-123.94923,50.1,22,11.05039,0.3,7.640909090909091,NA,NA
894,Janousek,43.13197,-124.40717,59.9,21,12.15176,0.46190476190476193,6.328571428571428,NA,NA
895,Janousek,43.14502,-124.3961,49.9,24,11.49977,0.5816666666666667,4.991666666666667,NA,NA
896,Janousek,45.37184,-123.96205,49.8,25,14.61585,0.4216,7.612,NA,NA
897,Janousek,45.41635,-123.95391,30.1,14,4.80227,0.7678571428571428,3.8285714285714287,NA,NA
9,Janousek,38.1996,-122.0278,30,5,9.463875,0.572,5.345,NA,NA
90,Janousek,46.474,-124.028,30,5,6.61625,0.858,2.6,NA,NA
904,Janousek,43.2828,-124.3233,100,10,38.838750000000005,0.574,8.0775,NA,NA
909,Janousek,48.28605,-122.38025,105,3,20.341099999999997,0.5066666666666666,3.8,NA,NA
91,Janousek,43.3456,-124.3188,100,4,9.084000000000001,1.4175,0.525,NA,NA
910,Janousek,48.28772,-122.37695,125,1,25.875000000000007,0.46,4.5,NA,NA
911,Janousek,46.41955,-123.88982,125,4,31.369200000000003,0.39749999999999996,6.825,NA,NA
912,Janousek,46.42459,-123.88346,138,3,19.272000000000002,0.4033333333333333,3.966666666666667,NA,NA
913,Janousek,46.42459,-123.88346,123,2,22.0432,0.425,4.4,NA,NA
914,Janousek,46.41984,-123.88804,110,5,31.016000000000005,0.48600000000000004,6.66,NA,NA
915,Janousek,46.42462,-123.8872,125,2,34.2184,0.39,7.199999999999999,NA,NA
916,Janousek,37.51935,-122.21698,125,4,18.4692,0.6725000000000001,2.275,NA,NA
917,Janousek,37.51935,-122.21698,125,3,18.9756,0.62,2.5,NA,NA
918,Janousek,37.5368,-122.23203,115,3,17.4762,0.5333333333333333,3.1999999999999997,NA,NA
919,Janousek,37.52066,-122.22042,100,3,14.5256,0.4866666666666667,3.033333333333333,NA,NA
92,Janousek,43.3457,-124.3187,100,4,6.7684999999999995,1.4375,0.5,NA,NA
920,Janousek,38.00779,-122.48864,125,2,27.3039,0.48,4.6,NA,NA
921,Janousek,38.16838,-122.53346,125,3,14.6982,0.6233333333333333,2.1,NA,NA
922,Janousek,38.16539,-122.54506,100,2,24.6036,0.46499999999999997,4.85,NA,NA
923,Janousek,38.16413,-122.5532,100,2,23.5111,0.365,6.15,NA,NA
924,Janousek,38.17745,-122.54313,125,3,19.7576,0.7733333333333333,2.066666666666667,NA,NA
925,Janousek,38.168,-122.5471,105,3,23.124399999999994,0.52,3.466666666666667,NA,NA
926,Janousek,38.16923,-122.533,125,4,17.3314,0.7,1.925,NA,NA
927,Janousek,38.17255,-122.55645,115,3,27.3164,0.5366666666666667,4.366666666666666,NA,NA
928,Janousek,38.1347,-122.35987,125,2,16.223999999999997,0.78,1.7,NA,NA
929,Janousek,38.13321,-122.35091,125,2,15.178800000000003,0.91,1.2999999999999998,NA,NA
93,Janousek,43.3458,-124.3185,100,4,11.147,1.32,0.9,NA,NA
933,Janousek,34.22904,-119.2614,125,4,11.041,1.195,1.15,NA,NA
94,Janousek,43.3459,-124.3183,100,4,9.434,1.365,0.725,NA,NA
95,Janousek,43.3458,-124.3182,100,4,13.281,1.255,1,NA,NA
957,Janousek,46.1663,-123.8517,100,12,13.0181,1.5075,0.8708333333333333,NA,NA
958,Janousek,47.07525,-122.7068,50,24,7.1592,1.1720833333333334,1.384375,NA,NA
959,Janousek,47.07522,-122.7069,50,25,10.58455,1.2668,1.834,NA,NA
96,Janousek,43.3454,-124.3189,100,4,8.2085,1.405,0.725,NA,NA
960,Janousek,47.07522,-122.7071,50,25,11.7243,1.2764,1.964,NA,NA
961,Janousek,38.24808,-121.70927,50,25,18.6338,0.35359999999999997,10.94,NA,NA
962,Janousek,38.24813,-121.70913,50,25,15.413,0.3156,11.004,NA,NA
963,Janousek,38.10007,-121.56343,50,25,8.7,0.5412,4.968,NA,NA
964,Janousek,38.10003,-121.56342,50,25,12.4738,0.458,5.796,NA,NA
965,Janousek,37.94803,-121.52747,50,25,15.188,0.21560000000000001,14.34,NA,NA
966,Janousek,37.94812,-121.52742,50,25,14.897400000000001,0.1728,17.64,NA,NA
97,Janousek,44.6253,-124.0207,100,4,13.0935,1.08,1.175,NA,NA
977,Janousek,31.69931,-116.6285,100,50,30.34995,0.6818,4.7885,NA,NA
978,Janousek,30.49667,-116.00066,102,51,31.6329,0.5517647058823529,6.1686274509803924,NA,NA
979,Janousek,28.00521,-114.08755,50,25,10.9924,0.964,3.054,NA,NA
98,Janousek,44.6253,-124.0208,100,4,10.443,1.19,0.925,NA,NA
980,Janousek,26.79881,-113.12908,50,25,5.7031,1.1336,1.0070000000000001,NA,NA
981,Janousek,24.80099,-112.11158,100,50,11.109350000000001,1.6056,0.6900000000000001,NA,NA
982,Janousek,36.8109,-121.7485,101,49,50.5177,0.6522448979591837,8.62704081632653,NA,NA
983,Janousek,36.8498,-121.7581,101,47,72.30414999999999,0.5353191489361702,14.736170212765957,NA,NA
984,Janousek,36.7959,-121.788,102,61,40.763325,0.8852459016393442,5.851229508196721,NA,NA
988,Janousek,36.7376,-121.7984,50,40,6.8358,1.19,2.011875,NA,NA
989,Janousek,35.3468,-120.8344,30,9,12.209475,1.1288888888888888,3.7527777777777778,NA,NA
99,Janousek,44.6254,-124.021,100,4,10.395,1.23,0.85,NA,NA
990,Janousek,35.3468,-120.834,30,10,10.6353,0.704,5.2825,NA,NA
991,Janousek,35.3224,-120.8416,30,10,14.180925,0.406,12.1575,NA,NA
992,Janousek,35.3224,-120.8418,30,9,11.9694,0.33666666666666667,12.297222222222222,NA,NA
993,Janousek,32.7894,-117.2263,30,11,5.0731,0.6627272727272727,2.3863636363636362,NA,NA
996,Janousek,32.789,-117.2261,30,11,9.9153,0.9218181818181819,3.477272727272727,NA,NA
